-- ============================================================
-- SISTEM INFORMASI TAHFIDZ KB/BA/TPA "RESTU 2"
-- Clean Database Schema & Initial Master Data
-- Generated: 2026-06-16 10:46:05
-- ============================================================

SET FOREIGN_KEY_CHECKS = 0;

-- ============================================================
-- TABEL: users
-- ============================================================
DROP TABLE IF EXISTS `users`;
CREATE TABLE `users` (
  `id` int unsigned NOT NULL AUTO_INCREMENT,
  `nomor_identitas` varchar(20) COLLATE utf8mb4_unicode_ci NOT NULL COMMENT 'NUPTK/NIK untuk Guru; NIS untuk Wali Murid',
  `password_hash` varchar(255) COLLATE utf8mb4_unicode_ci NOT NULL COMMENT 'Hash bcrypt dari password (PHP password_hash)',
  `role` enum('admin','guru','wali_murid','karyawan') COLLATE utf8mb4_unicode_ci NOT NULL,
  `is_active` tinyint(1) NOT NULL DEFAULT '1',
  `last_login` datetime DEFAULT NULL,
  `created_at` timestamp NOT NULL DEFAULT CURRENT_TIMESTAMP,
  PRIMARY KEY (`id`),
  UNIQUE KEY `uk_nomor_identitas` (`nomor_identitas`)
) ENGINE=InnoDB DEFAULT CHARSET=utf8mb4 COLLATE=utf8mb4_unicode_ci COMMENT='Akun login semua pengguna sistem';

-- Data untuk tabel `users`
INSERT INTO `users` VALUES
('1', '000001', '$2y$10$KtTf6qvGohglcdCS5WfND.khdtUU1o2kMH3VUrm8J/hDcefhhSJRm', 'admin', '1', '2026-06-16 16:12:55', '2026-05-31 06:57:40'),
('2', 'NUPTK', '$2y$10$1CQ86SLDVI85fryXfqia.OUTZcXiLAaVMc4tCoMV7O1v5SYvPVAje', 'guru', '1', NULL, '2026-05-31 06:58:23'),
('3', '8460-7566-5730-0022', '$2y$10$x2DXJ2SP/b9BFrUGGEjtYeS.Ago35q0kAmNQdREreNyUlDbbC3hCm', 'guru', '1', '2026-06-16 17:12:39', '2026-05-31 06:58:23'),
('4', '6647-7456-4830-0052', '$2y$10$ddGaHLPmX0rKgLl6hj4H2OTUx8OWuM/o7d3Ok9HNBBlWsbQW.rtD.', 'guru', '1', '2026-06-16 17:13:34', '2026-05-31 06:58:23'),
('5', '6641-7456-4830-0032', '$2y$10$zSK5G8EJQ..a6gN2MJgDl.IgcYV54UMWAYsPfJlV7x4RhWGSXP.JK', 'guru', '1', NULL, '2026-05-31 06:58:24'),
('6', '2149-7506-5030-0003', '$2y$10$oZnOriNlYRU7k8UTPwWrvuI3vrU26bcTwo0v2M2q3/PxQ2Gt.nJhe', 'guru', '1', NULL, '2026-05-31 06:58:24'),
('7', '5858-7616-6230-0012', '$2y$10$no3axd7yUHpPvMkaHEqYqupM4S8JtdV65KTgqeauz49XOdlXlpmBe', 'guru', '1', NULL, '2026-05-31 06:58:24'),
('8', '6757-7546-5630-0022', '$2y$10$AIm8EqTau7QyVKkYexc9Zuzh9Ot540CjhklzrSl3Vq0Qg.Lw9RdMy', 'guru', '1', NULL, '2026-05-31 06:58:24'),
('9', '7561-7576-5930-0013', '$2y$10$u903Z1z234dSJD1nJRsoCupnoHHABUhnaeU0JxY7y84T9IFmQeXTy', 'guru', '1', '2026-06-15 10:14:46', '2026-05-31 06:58:25'),
('10', '3546761663200013', '$2y$10$feT7aLZb1XUMRpYEJzqpve0r0fhjcUAhu2pNbBpsMMqTxQLc3adWu', 'guru', '1', NULL, '2026-05-31 06:58:25'),
('11', 'GUR0011', '$2y$10$LdRymO/ZSCARadGSFYKTieQYL0AWqnB1ZeMVy6457RKrOQd79xiJC', 'guru', '1', NULL, '2026-05-31 06:58:25'),
('12', '5338763664300073', '$2y$10$sQTWcG/xBbqWsSgopPSSue8pJW5o2mONUnrfDx23C/4.kCGHQGEqG', 'guru', '1', NULL, '2026-05-31 06:58:25'),
('13', 'GUR0013', '$2y$10$GK3aEMgG.ZzRieh3LAHDveoCut/5o/HF/Z0P60/10B2zkkAUn3g3K', 'guru', '1', NULL, '2026-05-31 06:58:25'),
('14', '8057762663300033', '$2y$10$vX/NYRJtZ5BhgXfwKeIfNeRlUSgcJtcdETq5.dWbhqpOjuOqXam6S', 'guru', '1', NULL, '2026-05-31 06:58:26'),
('15', '9343764666300063', '$2y$10$e2rJE8fMaelLWg194D9kuetVCeGrJpXNFO4zEheQhb9WPk2tjYNS2', 'guru', '1', NULL, '2026-05-31 06:58:26'),
('16', 'GUR0016', '$2y$10$HLjoIqNDNMOAM8NcWM70Ou.7XTNKFpGGgSSaaITHa9PnaAOzHDnFG', 'guru', '1', NULL, '2026-05-31 06:58:26'),
('17', 'GUR0017', '$2y$10$8Gy4uHWlz/Jpr2dmrRbNW.k2ACSaTNcAx8BY9fpq4ofXlv7u.9Njy', 'guru', '1', NULL, '2026-05-31 06:58:26'),
('18', '7939763664200052', '$2y$10$VwbTgOd1xpfjNRy2Pj0BjugXSKDwJIDlJooF5Z5SZDrwPglqII9XG', 'guru', '1', NULL, '2026-05-31 06:58:26'),
('19', '0455-7456-4930-0023', '$2y$10$Bpm09yPXYeLxeMvCkHAL/eiW4iwC0Q3XVjxtiCpMCYFDoDLTPnnSG', 'guru', '1', NULL, '2026-05-31 06:58:27'),
('20', 'GUR0020', '$2y$10$zMAOzqzVumHiECtCKRMGWuvvkg7fx81WgGPBSeeyyhkHK0/zRtsLS', 'guru', '1', NULL, '2026-05-31 06:58:27'),
('21', 'GUR0021', '$2y$10$yA9JRzWABpGUgHljYmH9He2.c8wZyrsIx/0bM7e2GyLPTT8VWfqZG', 'guru', '1', NULL, '2026-05-31 06:58:27'),
('22', 'GUR0022', '$2y$10$UtxLMza2c2rGhFIFtzg9u.xhfrzB5bq8pjovypGw2rFfqpqszKwya', 'guru', '1', '2026-06-10 14:55:04', '2026-05-31 06:58:27'),
('23', 'GUR0023', '$2y$10$1oRS6Hn81vycrZMaw.XiaO8Knab0N7jU25Ar8deeJimH8jlFBMuCS', 'guru', '1', NULL, '2026-05-31 06:58:28'),
('24', 'GUR0024', '$2y$10$sihU.XZW5BY7030sKRPv..6qO/pLgfucFc8ujD0KuElfmqufu0Ak.', 'guru', '1', NULL, '2026-05-31 06:58:28'),
('25', 'GUR0025', '$2y$10$w/dHMxufbbwc1P/o8QuYZOXHrbS/ZSVrwiCvss8NJYWt560b2EWem', 'guru', '1', NULL, '2026-05-31 06:58:28'),
('26', '1250001', '$2y$10$UIF0wdzLW1d0s44On9ykneleqqvRdEOFnqabjbfVw/DXwp7AxrDg6', 'wali_murid', '1', '2026-06-04 22:44:05', '2026-05-31 07:01:07'),
('27', '1250002', '$2y$10$zMvtu89e5gzcDG8YzjoV6uKKCb.n1R5/SQ5QZxBeYsL4ceretn2ta', 'wali_murid', '1', NULL, '2026-05-31 07:01:08'),
('28', '1250003', '$2y$10$Ly/SfFaFPTkszz/gDtFyuuq.gPwVn1TmcbpX7YAC6exU68PI.PoE6', 'wali_murid', '1', '2026-06-16 16:00:17', '2026-05-31 07:01:08'),
('29', '1250004', '$2y$10$0RcL9ik1qd5qO2DFlyA3L.xeVDzej7N9nKoUY13QsCRBfljyGxcCW', 'wali_murid', '1', '2026-06-16 15:48:56', '2026-05-31 07:01:08'),
('30', '1250005', '$2y$10$hbzzSj4rhosNqDSjDZVxc.sj8qvFVYpwRd9jVaMEgUHbDzCQv0eVq', 'wali_murid', '1', NULL, '2026-05-31 07:01:08'),
('31', '1250006', '$2y$10$nRfm2hTMNvJnay.XR4Xc/ejQbvapcPCb8EFBQ8hwQmCrA2TOuYj5S', 'wali_murid', '1', NULL, '2026-05-31 07:01:08'),
('32', '1250007', '$2y$10$5.gbfcY7UTXON1sfTgye6eUrnknDaORfhOtkBt/hl6noYroenzj4u', 'wali_murid', '1', NULL, '2026-05-31 07:01:09'),
('33', '1250008', '$2y$10$yx2D2lXI2zqE13u3/pRuMeXhxX1c3sVTU/h72RA3wWynIzssOPdaq', 'wali_murid', '1', NULL, '2026-05-31 07:01:09'),
('34', '1250009', '$2y$10$hhSxiukpyWBUs82qPX2YO.9jlDoffYyEuF.YCwG5Pp0nev0FYOZ2e', 'wali_murid', '1', NULL, '2026-05-31 07:01:09'),
('35', '1250010', '$2y$10$h.jz5841amIkp3TQYe4eGuXa15fTAyWLHavJN.cvb48aVmBrOAL0e', 'wali_murid', '1', NULL, '2026-05-31 07:01:09'),
('36', '1250011', '$2y$10$Tj5gwZIMAPUyjbIDf9qG7OV0TBmSZoUpWeSsL9NyVcp2BbBEssUTa', 'wali_murid', '1', NULL, '2026-05-31 07:01:09'),
('37', '1250012', '$2y$10$pm8DwQF8JvPOMGuQ0ACRH.43H3oRhBZVo/MlY4XOTJ2HulVcba9HO', 'wali_murid', '1', NULL, '2026-05-31 07:01:10'),
('38', '1250013', '$2y$10$zevUaj9n5iiUM7iF/rXY5Or8Vt6nkoEmj3Mn2gZEPdVLW1RL9OoyC', 'wali_murid', '1', NULL, '2026-05-31 07:01:10'),
('39', '1250014', '$2y$10$KJQzDKrRwhpYeJ0w8.fDlOFtPwtWES8VrxNBptl/l3RtkMc01BjPO', 'wali_murid', '1', NULL, '2026-05-31 07:01:10'),
('40', '1250015', '$2y$10$bJqADf1m46fvgmyEunxTf.9KM9KK3zzmt.JP.5o72qjcuFSHl6w1S', 'wali_murid', '1', '2026-06-13 15:28:27', '2026-05-31 07:01:10'),
('41', '1250016', '$2y$10$soB7KyXkUBj0b41ctZeC9e1yGCCXhThldEx7ov1jTY7MGVxSO.F9W', 'wali_murid', '1', NULL, '2026-05-31 07:01:11'),
('42', '1240002', '$2y$10$nFsIo7sAWwQrNQ0rpifAiOdQ76vt9TwyLdT39THatEPnq6KKGt4wO', 'wali_murid', '1', NULL, '2026-05-31 07:01:11'),
('43', '1240054', '$2y$10$mFnJVtHFNg9z3XC6RrCcr.6VxkZEIIhITBrhCNJo1vr5/foe.Ksmm', 'wali_murid', '1', NULL, '2026-05-31 07:01:11'),
('44', '1250017', '$2y$10$NG/fkFrImTyIll5wK3UVJuPwKUJJB8SrmJscGfOJpC1MxVLveBjam', 'wali_murid', '1', NULL, '2026-05-31 07:01:11'),
('45', '1250018', '$2y$10$PAB02gxWqgtL02QGc/OPB.89nmhE75ODlOLpOX6d.fbthQo6S/EHm', 'wali_murid', '1', NULL, '2026-05-31 07:01:11'),
('46', '1240007', '$2y$10$LYo95w5pT7mR6vTltddZH.QO0kDD3D09dpT7rD/3Rj7E8.xjyYiuO', 'wali_murid', '1', NULL, '2026-05-31 07:01:12'),
('47', '1250019', '$2y$10$9t66uKNBeReBbYKx3ydu6OXG7rlIYMYa8Pg64m2l4ofXFgT.pcWOC', 'wali_murid', '1', NULL, '2026-05-31 07:01:12'),
('48', '1250020', '$2y$10$O.zewbThtYKDEkUF0sKJOuRAPLbyJTjzuok2y9OQog28m0lVDifK2', 'wali_murid', '1', NULL, '2026-05-31 07:01:12'),
('49', '1250021', '$2y$10$M/zquMK2e/w4vjJ/HVHYUew22HtgpPojF3pcT8uyAdQ.iG1uIrUcG', 'wali_murid', '1', NULL, '2026-05-31 07:01:12'),
('50', '1250022', '$2y$10$B5BVTVP7K4ubcISVoi9saueB2892X7ytUJs7k2C3xXQFPZN687EwK', 'wali_murid', '1', NULL, '2026-05-31 07:01:12'),
('51', '1250023', '$2y$10$66GbjMag4g1vo.GkJ2sCSeqgahgt6ixoImxDOt4poCQYHh7eBq/p2', 'wali_murid', '1', NULL, '2026-05-31 07:01:13'),
('52', '1250024', '$2y$10$HkfApB38Gg1/jPyEL.tao.f7PP3RSjO6nE7O.Cp8KYc6J68xtU/SK', 'wali_murid', '1', NULL, '2026-05-31 07:01:13'),
('53', '1250025', '$2y$10$XEHphiOc1TsQpyuifbBorOqKiiVGpC8H4gv6mL/xKTmeVvqHcRRhm', 'wali_murid', '1', NULL, '2026-05-31 07:01:13'),
('54', '1250026', '$2y$10$yy66Sf7AwyHKIMJkRjf5yeYmahUDCb/g7DhhQQc.3mjvNErdEBBKW', 'wali_murid', '1', NULL, '2026-05-31 07:01:13'),
('55', '1250027', '$2y$10$GPwu3bFQe3RqJGhod0s5quhVtziEc3qC569/rL4aWqvCwpipxByda', 'wali_murid', '1', NULL, '2026-05-31 07:01:13'),
('56', '1250028', '$2y$10$VfUYTfmQvcAod5dOCivdS.wKOXgwkrKHM1HFMFW2esZnPFVKParde', 'wali_murid', '1', NULL, '2026-05-31 07:01:14'),
('57', '1250029', '$2y$10$9nRfVWr2M.5EEbwx9DYpXuxwuX3yAXoz/s2eP.hENMQKoHdDEn.cS', 'wali_murid', '1', NULL, '2026-05-31 07:01:14'),
('58', '1240005', '$2y$10$Kxf6ALqQC5pD1AgY5SEnied0R30wtPPkLR2L2tyCNOBZtdqf1D0PO', 'wali_murid', '1', NULL, '2026-05-31 07:01:14'),
('59', '1240006', '$2y$10$0OL02Ln.RpuZwB0KreyBROJRu35fHvj9xSIfV6pvTE3RV5CIsWj9m', 'wali_murid', '1', NULL, '2026-05-31 07:01:14'),
('60', '1250030', '$2y$10$cvMGrUni7RsLkrOIQyHjLePYdzWsklWvlL.UUgqkvrKsdY1vtt5zG', 'wali_murid', '1', NULL, '2026-05-31 07:01:14'),
('61', '1250031', '$2y$10$MGDo9clPefnGGPe4nHsGFO9PpCo2tt7HlYxpnGl6c.KVCPvvHIcX2', 'wali_murid', '1', NULL, '2026-05-31 07:01:15'),
('62', '1240009', '$2y$10$2qFQwfQSpJFEf6PneJ7oIOmuNupmUl3BJZAB2rfriXWV4bCMgNo9e', 'wali_murid', '1', NULL, '2026-05-31 07:01:15'),
('63', '1250032', '$2y$10$ZLLpnrEvdbByExywrMrcHepZK61CYIGrZGO4IeE8FoMmVB/Jiwt2u', 'wali_murid', '1', NULL, '2026-05-31 07:01:15'),
('64', '1250033', '$2y$10$GwtfP5FW6vhF0eVq1mPh1evVB4A1ktkkhMBHX63509BWHaYrj/hau', 'wali_murid', '1', NULL, '2026-05-31 07:01:15'),
('65', '1250034', '$2y$10$5DHgTk0WJgNxZH2vuypneuEZHbmhh/cHCdS7UgXZ1sm2BOy0t0yd.', 'wali_murid', '1', NULL, '2026-05-31 07:01:16'),
('66', '1250035', '$2y$10$DjwBqkpx/aVizH227dafTe5OZufGOMUsYVRPTFIt35Y4782YLbwlO', 'wali_murid', '1', NULL, '2026-05-31 07:01:16'),
('67', '1250036', '$2y$10$GTg1uTkweLTPGlPvPQT4Ves/dwENaXhi2WHzc1LEpWPO18iQfPb/u', 'wali_murid', '1', NULL, '2026-05-31 07:01:16'),
('68', '1250037', '$2y$10$hid0nvSy/4oKhkJu/CvX/OwuwglKizxozIurJTYhOobA5LkNYlgGG', 'wali_murid', '1', NULL, '2026-05-31 07:01:16'),
('69', '1250038', '$2y$10$EdvJ22TmMHmc7dhvVCI9V.9uTlCdk5ghvgqkHHQidiPPb8gXlSS/u', 'wali_murid', '1', NULL, '2026-05-31 07:01:16'),
('70', '1240001', '$2y$10$7E5qwV2cEJ7SqQzcWL2ctuCtPvYZlrULYUHZWzum85GxkcyhN192u', 'wali_murid', '1', '2026-06-09 15:12:29', '2026-05-31 07:01:17'),
('71', '1250039', '$2y$10$pXmu/2cjntcwJknfL0KC3uu.xrkZTC65uMNi6ysHTZdUGd.w/Ajh6', 'wali_murid', '1', NULL, '2026-05-31 07:01:17'),
('72', '1240055', '$2y$10$2mXITWkpiPuyt5vekWv91eRrEE2bdtYW6b2TYL7sRMO0.LXYVNU1C', 'wali_murid', '1', NULL, '2026-05-31 07:01:17'),
('73', '1240004', '$2y$10$aqRpFNeaz6SLSFWr7.ku5OnZuHRKP4ZXQ4P77E3HiKLqTd1vxvhue', 'wali_murid', '1', NULL, '2026-05-31 07:01:17'),
('74', '1250040', '$2y$10$KlnpTFTFFFE91MZHDMJITu8tktFtxkdgp/B7eIHv768866mY9j/.m', 'wali_murid', '1', NULL, '2026-05-31 07:01:17'),
('75', '1250041', '$2y$10$UPmUjTM0j75Twnqnej5HKeuQhxstAbaMaJjMN9cLaw3F6gJnARn8i', 'wali_murid', '1', NULL, '2026-05-31 07:01:18'),
('76', '1250042', '$2y$10$NcPafyGJj1v.uarO1t5aCubmtvXGylMsxJr4YobDYP0HqsLroMlLi', 'wali_murid', '1', NULL, '2026-05-31 07:01:18'),
('77', '1240008', '$2y$10$Av6M8Mayo/SG..oYcASbrO5O0t6D5uEmJqFmjQg2c1/LoL8nRq8Iy', 'wali_murid', '1', NULL, '2026-05-31 07:01:18'),
('78', '1250043', '$2y$10$j2tzzcRhAQtRgoobO2JRnuWnZHex1r/ckTmDoCHCV6aqVPoL6rToq', 'wali_murid', '1', NULL, '2026-05-31 07:01:18'),
('79', '1250044', '$2y$10$BaUPpxeKxfuP5M0J2Wy27unnGwtqk9GL9PUiAIAB9jucH5r.Szoja', 'wali_murid', '1', NULL, '2026-05-31 07:01:18'),
('80', '1250045', '$2y$10$K9j7lM.Td45HWVA4WU523.I5jZ/860wPhdEA//nHsm7cRDLDlmOfi', 'wali_murid', '1', NULL, '2026-05-31 07:01:19'),
('81', '1250046', '$2y$10$UAY8S9KdI2uXDm1T3naZbuana69GyPFig57ZwDBUa8IAJdS334lQ2', 'wali_murid', '1', NULL, '2026-05-31 07:01:19'),
('82', '250001', '$2y$10$hDhBe/r/HeWZykkx5M0A4ezqbVPeRBdCbj74JdIK8uzbiHgL.14UC', 'wali_murid', '1', '2026-06-10 14:57:15', '2026-05-31 07:01:19'),
('83', '250002', '$2y$10$fmHaOB34GfLDZxXuwgqe/OBGeWpLgIvNfmWZnUtbfEnZ3nUes6n7i', 'wali_murid', '1', NULL, '2026-05-31 07:01:19'),
('84', '250003', '$2y$10$mcn8sJyAfDao.EKO5qlof.n9KD704M96P9NyBj6jI6AOqoVdho8he', 'wali_murid', '1', NULL, '2026-05-31 07:01:19'),
('85', '250004', '$2y$10$V4VekrYcf12pndpN2wO39.3BC.S.tXJ1IzBuo3sopwnhHQbKIxO.m', 'wali_murid', '1', NULL, '2026-05-31 07:01:20'),
('86', '250005', '$2y$10$KaXy0bHUeIJCq3QIJuPiKe0aHSfx0n5dhrK9V7gQa3cOmpv.SW1ci', 'wali_murid', '1', NULL, '2026-05-31 07:01:20'),
('87', '250006', '$2y$10$bsV0KBUckIhSFXdfmj4t4exWTlUwUBuIb7GkRTW1FzWgtpRCR80aa', 'wali_murid', '1', NULL, '2026-05-31 07:01:20'),
('88', '250007', '$2y$10$0FpSAQKmn063esXhtupK3uNpMPsz2a8PgD52VwQDu7/ZSqlRYRxYW', 'wali_murid', '1', NULL, '2026-05-31 07:01:20'),
('89', '250008', '$2y$10$taPZKv3rL8t1qN72usLK.OeT5ggmiHEcgTVRqG3eqzVzvFXqniOoa', 'wali_murid', '1', NULL, '2026-05-31 07:01:21'),
('90', '250009', '$2y$10$hR9ejiE63ow9vnRliaPFp.8y8XfxeO2U2f/UIe9QZfofudEaRCqYy', 'wali_murid', '1', NULL, '2026-05-31 07:01:21'),
('91', '250010', '$2y$10$oFer/dkbjd6zcELbAQARwelESIxzb6J63Nn5Pia2FqJTcYU8Rf.6e', 'wali_murid', '1', NULL, '2026-05-31 07:01:21'),
('92', '250011', '$2y$10$7VbIf3HwOoDowftH1B4VgOUA8oqJnWn.dijFG.o5h6rajE60rHMr.', 'wali_murid', '1', NULL, '2026-05-31 07:01:21'),
('93', '250012', '$2y$10$2wUFpzhIiv.zmIVZxzS0eucS61712QNenyvrsJs9DIFx3cdTU/LD2', 'wali_murid', '1', NULL, '2026-05-31 07:01:21'),
('94', '250013', '$2y$10$jz2DaqQfodKmEJWhTkC3q.JJwmRLjBsU4KVWWUiatwwjUGaEXt1he', 'wali_murid', '1', NULL, '2026-05-31 07:01:22'),
('95', '250014', '$2y$10$RHnEgJ566Ut3ENnxoJE3ke7Bjy5b6eHjQD8k4eAC90qIsy5ItiKf2', 'wali_murid', '1', NULL, '2026-05-31 07:01:22'),
('96', '240044', '$2y$10$84vmIevCQTCU.adWnjyCYOYZRhHZv55NOrb8a04O0HHlXfVbarlOm', 'wali_murid', '1', NULL, '2026-05-31 07:01:22'),
('97', '250015', '$2y$10$10u9J8tRUC1/0F5Ob65bLeYCRMc5BstcKkQFUr/5PGr7CyENZZmG2', 'wali_murid', '1', NULL, '2026-05-31 07:01:22'),
('98', '250016', '$2y$10$AaPZOR5U.DJ4OMNOR6om/ufQweiq4d2PPJnkrP5kKtxdDVIaVOHPS', 'wali_murid', '1', NULL, '2026-05-31 07:01:22'),
('99', '250017', '$2y$10$qCxtYcCvQZ3gWlh0fybZEu67heVDXyonlzftmFlyo5O8pEONbz5Pm', 'wali_murid', '1', NULL, '2026-05-31 07:01:23'),
('100', '250018', '$2y$10$P5TMOPZjcWXbNPGZ0Hhn4eM0gUJ.5l3MGuCCEHEHpLGeKo5UNsOFy', 'wali_murid', '1', NULL, '2026-05-31 07:01:23'),
('101', '250019', '$2y$10$4A07bDxTIgQ880UYHAA/..kIHfzErX1.MZlj98/pWBXG0mroyCHS6', 'wali_murid', '1', NULL, '2026-05-31 07:01:23'),
('102', '250020', '$2y$10$LPN0eiAl5usUztk3NfpcDOQXTZiAaO/H/17.cevQ0k9FF1Wn2wMHi', 'wali_murid', '1', NULL, '2026-05-31 07:01:23'),
('103', '250021', '$2y$10$uf97a3qh5MChYrvVTz493.M511VpdZnntwhd9f66U6QpiDy5P2sYe', 'wali_murid', '1', NULL, '2026-05-31 07:01:23'),
('104', '250022', '$2y$10$CUNNniHJ.UGLLZIKkY/7weg1NGpueCb/Vq8gEAezpjUh59xdgLFc6', 'wali_murid', '1', NULL, '2026-05-31 07:01:24'),
('105', '250023', '$2y$10$/7abJr/5WSGNbJfs4nDBduEXoXm5ZghTs5uVkc3Vu9Un.0WtomiLG', 'wali_murid', '1', NULL, '2026-05-31 07:01:24'),
('106', '250024', '$2y$10$yS/vFnQMoVxGwgJMHQiv2ukD5se47J3pocp901CZzrS3Hy4mbLCWK', 'wali_murid', '1', NULL, '2026-05-31 07:01:24'),
('107', '250025', '$2y$10$O.3I9XeyZcSqif6xHE/cpuq/wSRtJSnQ5ILmH3esT0nK9iuRPzl2i', 'wali_murid', '1', NULL, '2026-05-31 07:01:24'),
('108', '240061', '$2y$10$COvLj.RZ9pTBZT.T3KD4BuQOA0uDd4WZ7QKcZSymr2IO8HfY9VH9y', 'wali_murid', '1', NULL, '2026-05-31 07:01:24'),
('109', '250026', '$2y$10$rqo1DEadR80RGKQTj8N/a.24gcoNr7xzlWtjwOZbjdxRSTX9m4JDC', 'wali_murid', '1', NULL, '2026-05-31 07:01:25'),
('110', '250027', '$2y$10$vcBrIDY8iz5bw94/OdVn7uxVFlr3UuAzh6QB1KhmbgXFEiKB7jB9S', 'wali_murid', '1', NULL, '2026-05-31 07:01:25'),
('111', '250028', '$2y$10$BLMEATWGXUEn3DMC.I9zFutiuP7o0Rk63u.jVBd7SzEbU18PPvcgu', 'wali_murid', '1', NULL, '2026-05-31 07:01:25'),
('112', '250029', '$2y$10$DBnFqF/mjxOQ6OWfaFLWTuoTXbVh1QXSpaL0UH0krssxuT0fW2s8a', 'wali_murid', '1', NULL, '2026-05-31 07:01:25'),
('113', '250030', '$2y$10$wKHk2oyB0.O3d0qQ5CkhiuJS35HUxz4TUTMhmkOPxy5df71zaqj/a', 'wali_murid', '1', NULL, '2026-05-31 07:01:26'),
('114', '250031', '$2y$10$coYj4H.O/vfCjsDAp3hRJuPkf.3RM5zCOKzy/E.Or8UOuOSnDoQzK', 'wali_murid', '1', NULL, '2026-05-31 07:01:26'),
('115', '250032', '$2y$10$Cjn62GiL/MmEYIY2k9LIEuOeB.ARV6e04b3uVjbH7I/ftl8QdoTOC', 'wali_murid', '1', NULL, '2026-05-31 07:01:26'),
('116', '250033', '$2y$10$glcFbMri08iIphxwJOYNPOYroD6S6hZCd2cYmt1/.pFHTS9Gz.5Ay', 'wali_murid', '1', NULL, '2026-05-31 07:01:26'),
('117', '250034', '$2y$10$dLKvJ4OAbjsbQFW4Z9V90OLgEPZ9HXA7kmJ02UQ7ydNbprB2RNyPi', 'wali_murid', '1', NULL, '2026-05-31 07:01:26'),
('118', '250035', '$2y$10$V1gkl.Tq5f59L9.2SO11lu48.wsooWOouPmt9rMT7hFdG/5TPCfa.', 'wali_murid', '1', NULL, '2026-05-31 07:01:27'),
('119', '250036', '$2y$10$nr3wZLOVknGB6VeLwgrBT.enZa5WZkkQ7lm3Pc5iJFNE1aAF/eBK2', 'wali_murid', '1', NULL, '2026-05-31 07:01:27'),
('120', '250037', '$2y$10$0zeRvKsSeAL6TfwBa1Nv1OJYtdFQIDU2TASRhLUs5HCfnDNAZhiPi', 'wali_murid', '1', NULL, '2026-05-31 07:01:27'),
('121', '250038', '$2y$10$7QxA6t/wJIXHKU9MOuY51uQlUv1xVOUl34D43Sa3a.Q1JByzhCK7e', 'wali_murid', '1', NULL, '2026-05-31 07:01:27'),
('122', '250039', '$2y$10$gNK2H3HVlEuz9YdCH3d4P.yl3UAPVEPhI2HNKv0mqUruU8GnzEmxe', 'wali_murid', '1', NULL, '2026-05-31 07:01:27'),
('123', '250040', '$2y$10$7V0xwaEZRuA1CyrCjmwDdekdr6czBgu/hMLP8ucg9qDNBW3ip3NZy', 'wali_murid', '1', NULL, '2026-05-31 07:01:28'),
('124', '250041', '$2y$10$JTWAyJXMzCb5Vewfvq.IgebQDM.Jhq20yPA5Quwl.co8GN.ca5X.m', 'wali_murid', '1', NULL, '2026-05-31 07:01:28'),
('125', '250042', '$2y$10$aHDazkOwDFC4FKtpeRC5PuQhOmaiCAfrKMtQBL2G.O.ieKuCRacUK', 'wali_murid', '1', NULL, '2026-05-31 07:01:28'),
('126', '250043', '$2y$10$eZZa.zkVrCWvOqMdp4Cq7eWAsb2gQCXcSNJYmlJn93NQZHmAA2OEa', 'wali_murid', '1', NULL, '2026-05-31 07:01:28'),
('127', '250044', '$2y$10$vcvouQ5b3YYA.V83O9gRt.G4Mb6Ft9rP2F80UARWri9N9uvw79DF2', 'wali_murid', '1', NULL, '2026-05-31 07:01:28'),
('128', '250045', '$2y$10$EYhft57ly7eIiM4JNMpZpeP/pZOpqRobiK1pKyk9hPzOvM7eofexW', 'wali_murid', '1', NULL, '2026-05-31 07:01:29'),
('129', '250046', '$2y$10$IkpzfWXQh.V0f4PPeLZVhu8/vG.4kgbzguZn5Z8WFfU5Lmdcp/.ZC', 'wali_murid', '1', NULL, '2026-05-31 07:01:29'),
('130', '250047', '$2y$10$STqGgniWeltOywwyZYWCj.nnyY.93F.hUPLkkgwr1RXsNM8I8iBoS', 'wali_murid', '1', NULL, '2026-05-31 07:01:29'),
('131', '250048', '$2y$10$Sep4QEPFpP6XHo.hL2zk/OvJDakeuKPKTw4zICNcAHxMoZDChz3qC', 'wali_murid', '1', NULL, '2026-05-31 07:01:29'),
('132', '250049', '$2y$10$fBqvr0Z8mr.bhhsj7Qtd0.ccvHyeF0eb29tpHGcQRV1RB3HEOX4.q', 'wali_murid', '1', NULL, '2026-05-31 07:01:29'),
('133', '250050', '$2y$10$2e0HpCMyfVG3YjXaDqyUz.NsOYsut7dpHKrumrfKva.tzfpU6GSja', 'wali_murid', '1', NULL, '2026-05-31 07:01:30'),
('134', '250051', '$2y$10$idgEZ9JA1MYDXTPLIgkiNeenNcwTVuqyvubSJcN//M65omWgcs4fW', 'wali_murid', '1', NULL, '2026-05-31 07:01:30'),
('135', '250052', '$2y$10$UOy4PBMbmG5/14.v1/htmuMFShtnikq63WfZLJWJxaBFxznsr7f6m', 'wali_murid', '1', NULL, '2026-05-31 07:01:30'),
('136', '250053', '$2y$10$jIqneb5Sv9D.rXXwdoAD2.BSmv6H7SbOaRV1MmzZnx4np14tLDW26', 'wali_murid', '1', NULL, '2026-05-31 07:01:30'),
('137', '250054', '$2y$10$qHamXH9ddzY8/AURC8kwMelFIy8ZVRtVkXg3QkjoiDjlKUUymSRNa', 'wali_murid', '1', NULL, '2026-05-31 07:01:31'),
('138', '250055', '$2y$10$DUCd5DSqVSzbl3ynU4BoceXtFPW93CijHwxL4d6HGDbvoEC34QYBq', 'wali_murid', '1', NULL, '2026-05-31 07:01:31'),
('139', '250056', '$2y$10$g0lkhA0b2FEq/utmD8t8J.fVPf2vZ7iVs5RdqYrt8lJD4UlMyj2KS', 'wali_murid', '1', NULL, '2026-05-31 07:01:31'),
('140', '250057', '$2y$10$eybqOO5LiX.henRyrzTGYukdLpl9lrAL9LP.g89r/5V4yJyk5SDme', 'wali_murid', '1', NULL, '2026-05-31 07:01:31'),
('141', '250058', '$2y$10$ptu4e5LjqRZ6j2086CSoA.0/VzI/JxhwKVTxDS1yzlAbCnwmA.9WS', 'wali_murid', '1', NULL, '2026-05-31 07:01:31'),
('142', '250059', '$2y$10$hZu//Ozt0RcA/5XYaQH1r.pen.5q03bJVG39cXrhQ3kR.bSZ6jlHG', 'wali_murid', '1', NULL, '2026-05-31 07:01:32'),
('143', '250060', '$2y$10$objxSYp9.KYNEdHGatJTyeqULquUWB.OyemRB2CEv7O3icFTUkh2i', 'wali_murid', '1', NULL, '2026-05-31 07:01:32'),
('144', '250061', '$2y$10$8GxDA5E7pZdNLH95Ja7X4eeoE0mdsXLPTZPtZov/6DVOyxkD0TWuC', 'wali_murid', '1', NULL, '2026-05-31 07:01:32'),
('145', '250062', '$2y$10$4/cf.t9F7sl0iDlCRJUwDuK5knJHrZq.B0Spo.l4yp4.8YY/VcImG', 'wali_murid', '1', NULL, '2026-05-31 07:01:32'),
('146', '250063', '$2y$10$PRE6GHOyFHZ5YsXWor4dhOd4dMIzouSIiSD6K2hpz5frEFHkHQJxi', 'wali_murid', '1', NULL, '2026-05-31 07:01:32'),
('147', '250064', '$2y$10$9uv4C1tq69b7wuT5naU05eN8CYaITHHSB1/mB4PoB.hyrj4D/iLwy', 'wali_murid', '1', NULL, '2026-05-31 07:01:33'),
('148', '250065', '$2y$10$omZi/PlC/XVVMJGc0GB0NOHIffeHVQDf7hdpRMkXC4ZMjYu/SmxIW', 'wali_murid', '1', NULL, '2026-05-31 07:01:33'),
('149', '250066', '$2y$10$RVuRzIu5P3K8XeDYPIaWWOQZDH7eblfPVBhoTUYf7SwMYL7koxlFm', 'wali_murid', '1', NULL, '2026-05-31 07:01:33'),
('150', '250067', '$2y$10$7aHkvKe080uZezv/Ot4cZ.7Mlq1TNa44WLMhw92MVEPxmRnVo5T.C', 'wali_murid', '1', NULL, '2026-05-31 07:01:33'),
('151', '250068', '$2y$10$iHutkadTpj/Z/tDfE7y2cOyaiUMDRMgLczvnUC2a3umJeOh8plCmC', 'wali_murid', '1', NULL, '2026-05-31 07:01:33'),
('152', '250069', '$2y$10$yrodsCKjumlpZBM8SMXbRuPpR2agm8v8c5.ZsMm4RIb.Udtzc05Du', 'wali_murid', '1', NULL, '2026-05-31 07:01:34'),
('153', '250070', '$2y$10$YT/Lg8d5NhYWu2qGel8yEeSYngsj6OdO.byCc2uq77IWcyJK1geXy', 'wali_murid', '1', NULL, '2026-05-31 07:01:34'),
('154', '250071', '$2y$10$rVg7ID0Gdqms8tezboR1xOcWUbCBgx2imspBrHJIXeQgufNmSnprO', 'wali_murid', '1', NULL, '2026-05-31 07:01:34'),
('155', '250072', '$2y$10$1sSYf0dNToGsd1uxSAebtetsybb5wePFb1.QKaXEoJiIdsPvhlfka', 'wali_murid', '1', NULL, '2026-05-31 07:01:34'),
('156', '250073', '$2y$10$QsK9VMgkiJBe7n4pXDrLZuZOqQQJZEEooL/StjqKrd0tQMWPttUau', 'wali_murid', '1', NULL, '2026-05-31 07:01:34'),
('157', '250074', '$2y$10$Ply/uDhVl1P/PoI7qS3Y6.msStqy6hB1Vnw8G2I3EbFHd8HEVAAEe', 'wali_murid', '1', NULL, '2026-05-31 07:01:35'),
('158', '250075', '$2y$10$rHH3JBl.LHddvOxWujY7h.Rdv0M8AsGrbX/9ziB4OaI3gVc2h/XKq', 'wali_murid', '1', NULL, '2026-05-31 07:01:35'),
('159', '250076', '$2y$10$AhU2s5fy9mPxjSNIIeTz4.UAHsbj9kCJSvTbvirdeMY97Ef6ktAIm', 'wali_murid', '1', NULL, '2026-05-31 07:01:35'),
('160', '250077', '$2y$10$c0lxy2oYRGpepbeymt4H/el0H.Ye3UkDrjvM8CyRzCq/S5GdGNWuG', 'wali_murid', '1', NULL, '2026-05-31 07:01:35'),
('161', '250078', '$2y$10$s640T5jVrOrDKJLNFc3ag.OTvyb7KSoUgz8ceUjBZlOsos0kpAyFS', 'wali_murid', '1', NULL, '2026-05-31 07:01:36'),
('162', '240021', '$2y$10$w9mW3VlHYvNmR/0se.ZaVec6NnWU82lPVHd2.BpmQ4VCRmxdxkobG', 'wali_murid', '1', NULL, '2026-05-31 07:01:36'),
('163', '240057', '$2y$10$bORYLdgAxsPkrH5w/vHhRun1YzhJjDnXMq7DpOKAkBqHZvjfYA90q', 'wali_murid', '1', NULL, '2026-05-31 07:01:36'),
('164', '240040', '$2y$10$Jvxs0M23RCGxEEL2JGt6wuVyAniR1uQ7IvYQqisGj.ksEyqHPMvaG', 'wali_murid', '1', NULL, '2026-05-31 07:01:36'),
('165', '240062', '$2y$10$SCKgmhGUVuarAkpzfm0jP.Uf8NKPc6Iz03cKeWZYNWh9/bzAGRrzW', 'wali_murid', '1', NULL, '2026-05-31 07:01:36'),
('166', '240003', '$2y$10$IS7IX8XNyWpmPzYffY.cvO5yqYlfhAqT5TAJIXX1miYtD88Qk20IK', 'wali_murid', '1', NULL, '2026-05-31 07:01:37'),
('167', '240026', '$2y$10$YqccSdZN0MzOXLcqxJRKH.SJmPEmLPfvh2oe1u.G7yiQ7oOzieDMC', 'wali_murid', '1', NULL, '2026-05-31 07:01:37'),
('168', '240004', '$2y$10$0n6pHiQ.egx4xwiIH.RAO.ywGch8DbxJwBVFgDPqtXb9HNgAwrOKO', 'wali_murid', '1', NULL, '2026-05-31 07:01:37'),
('169', '240042', '$2y$10$M0Rmgl0rYdXGg8kORCj0quQJCc5TeX0cKUB3koPn3qQfBc5F7/b3S', 'wali_murid', '1', NULL, '2026-05-31 07:01:37'),
('170', '240027', '$2y$10$Qm.jfA2sQwbTHc3MkXdEZO.00H1FNfxINUK3ewAa8Cf/D8wM9.9N6', 'wali_murid', '1', NULL, '2026-05-31 07:01:37'),
('171', '240066', '$2y$10$v.zpTLHbag77ZxlwW5FJbejeEvK0qHrTiDLx/qNmR/364ysAqFQQm', 'wali_murid', '1', NULL, '2026-05-31 07:01:38'),
('172', '240008', '$2y$10$5vX7Je140uxG9PMZQxHZHedRmvEr1gOIJtlsjarusv8n0pCXcpNgm', 'wali_murid', '1', NULL, '2026-05-31 07:01:38'),
('173', '240033', '$2y$10$CioiE0ZJmtg9n/XgTw5R3eyPVtNKPzyueT9jJHx40VWvkRYXC1RRq', 'wali_murid', '1', NULL, '2026-05-31 07:01:38'),
('174', '240071', '$2y$10$3pt5lwTeKnJtdVcuB.Q3XO6DIdLMSUiPpgF0D8Mid2xkVlqirls3m', 'wali_murid', '1', NULL, '2026-05-31 07:01:38'),
('175', '250079', '$2y$10$HB8/nbBg294tJdNSgmKcuOHXPg60yRzzLV277V8FqQzJGxiVOU9NW', 'wali_murid', '1', NULL, '2026-05-31 07:01:38'),
('176', '240051', '$2y$10$ebtON8yDyW32yuwZIoik8OO9GQg.NaOh1cvx2wos2bAPsVuFUXFfW', 'wali_murid', '1', NULL, '2026-05-31 07:01:39'),
('177', '240035', '$2y$10$7VowrBx8NX2KEhGZr9TB.eF.pXA6.q9R8U00sffuMfDFlCM347iyC', 'wali_murid', '1', NULL, '2026-05-31 07:01:39'),
('178', '240072', '$2y$10$fthmYQuPDI8Je6Lh5ywKgeXZmilyfjWRWniX8jBYjf95vXtPd0Weq', 'wali_murid', '1', NULL, '2026-05-31 07:01:39'),
('179', '240037', '$2y$10$0ngX05EkTBe740Mbi78GXOpFL/NKIr.pIlOVibXSwP4gA.hu4ELF2', 'wali_murid', '1', NULL, '2026-05-31 07:01:39'),
('180', '240020', '$2y$10$lV0Hms90QwdFFm9Zn3HU1uuHMNruBCvovem2ISezQv4KprnDY27py', 'wali_murid', '1', NULL, '2026-05-31 07:01:40'),
('181', '240039', '$2y$10$ckX30K9gjcUHPgw1qos.veNEdbx005gZx6mV2VUMxrQAw2/smdj8u', 'wali_murid', '1', NULL, '2026-05-31 07:01:40'),
('182', '240024', '$2y$10$1kHZC4Acp0k29sAIqOr99.lu/T87pgjkgWyDuoa7pp/qllE7AgctW', 'wali_murid', '1', NULL, '2026-05-31 07:01:40'),
('183', '240058', '$2y$10$2H6iEQal8LINe2qs7GlBjOaW8vr9NWxte1.YAvnU7iQcEbA8bCqtC', 'wali_murid', '1', NULL, '2026-05-31 07:01:40'),
('184', '250080', '$2y$10$HfEEOJXRfftXmKUJUp1R8.ESLxo5iXyG741PTThh5Ovz.TbVulqCu', 'wali_murid', '1', NULL, '2026-05-31 07:01:40'),
('185', '240002', '$2y$10$F/oZcDM5AhA/uwQo5Zep5ebisqgaOasWmBg9vdsEAtHgp5FAQcalW', 'wali_murid', '1', NULL, '2026-05-31 07:01:41'),
('186', '240063', '$2y$10$aarYs3h8vUo2FZsOsR49reLcy9AfF3pxpOZwyNSqFD1oX.hIxTrOW', 'wali_murid', '1', NULL, '2026-05-31 07:01:41'),
('187', '240067', '$2y$10$yWlc.0shZTU7lQAcEXF2g.3yTMCd.fu8O1PX8qaR8npv99XAmeOCG', 'wali_murid', '1', NULL, '2026-05-31 07:01:41'),
('188', '240045', '$2y$10$kVpSy4V7cne7vffWt40HT.5eK7rV6AvHhbf40bVajfGN0hCHyvfhu', 'wali_murid', '1', NULL, '2026-05-31 07:01:41'),
('189', '240047', '$2y$10$lKHGoByebu19ZZXylIEule3xhzznA9d/rktrQmhigkweRBl.ZeNWe', 'wali_murid', '1', NULL, '2026-05-31 07:01:41'),
('190', '240010', '$2y$10$2jDxzRukVPOlUz4DkkX4n.la70ommGYUwx1z10r1saOugYE/eaq7.', 'wali_murid', '1', NULL, '2026-05-31 07:01:42'),
('191', '240070', '$2y$10$ZltI7ZaLgkLOQn9IVNF36.25qNyfLcIinbld1wb6cUcE9S/g/Sw.C', 'wali_murid', '1', NULL, '2026-05-31 07:01:42'),
('192', '240050', '$2y$10$ev7A6c1YOrIwKqpso4tPFemFRhQD4lkY1bxBzJFhM7x.rBulF1VqS', 'wali_murid', '1', NULL, '2026-05-31 07:01:42'),
('193', '240015', '$2y$10$EJpU7n2KnwMzVb2NbGmHuu6CdwKRdsmZeC2KNzxmUW2YtKZv3ug1C', 'wali_murid', '1', NULL, '2026-05-31 07:01:42'),
('194', '240036', '$2y$10$rT5/T3rYwuBylmHBHEJ0duPf99oISIol3WSnPQEbFNR1Z5egxjvFO', 'wali_murid', '1', NULL, '2026-05-31 07:01:42'),
('195', '240016', '$2y$10$v.yol1t5RxIUgz0etmCihuDdSIszsj12R7ZOeh7fcR0YpqYLfe362', 'wali_murid', '1', NULL, '2026-05-31 07:01:43'),
('196', '240019', '$2y$10$kLcimj3KZqk6Rs2BR9Isu.t723Tzh04WuhVRtII8FqE3bOqOH30Ui', 'wali_murid', '1', NULL, '2026-05-31 07:01:43'),
('197', '240056', '$2y$10$48z03tsxOJLTvjyhLCKAcuwDTTLCm5B6ogELjxEavv.vpXjqWD5vS', 'wali_murid', '1', NULL, '2026-05-31 07:01:43'),
('198', '240023', '$2y$10$TbRqatF0MyR9BYQgAylv/.lJaNywzbYm5IEqi.q/WFgvXk8is3S/m', 'wali_murid', '1', NULL, '2026-05-31 07:01:43'),
('199', '240038', '$2y$10$AHV0.qoF91L1LuFdsjfsY.3QeKXQNdsMf/mRcRskuc1wo1DONxuwy', 'wali_murid', '1', NULL, '2026-05-31 07:01:44'),
('200', '240025', '$2y$10$TlWzDRyftu/RlNMvmxFPPOb64EksyucLkjFh9nr/Jpy7BPPbJ4idG', 'wali_murid', '1', NULL, '2026-05-31 07:01:44'),
('201', '230043', '$2y$10$Clf7Ro/VgxHVc46PyjR35eDkKa/AxflmsuZSMqzFqb0aR/nARYTwW', 'wali_murid', '1', NULL, '2026-05-31 07:01:44'),
('202', '240029', '$2y$10$5N3zsZMvfPhwNp5Aeg7BNu/aLS6jxgrFkO4CVmYlYkc2egD18ynLa', 'wali_murid', '1', NULL, '2026-05-31 07:01:44'),
('203', '240006', '$2y$10$bdwKZD7sh5U61F0k9gU.h.9x7rqMdHDurfHXCJVjZbVFbClNzL86u', 'wali_murid', '1', NULL, '2026-05-31 07:01:44'),
('204', '240007', '$2y$10$Z.rvBrHgx4EjKJV.tMFqyOXpHZIRMypOkaZX.jxJrWt5izfKpZK.W', 'wali_murid', '1', NULL, '2026-05-31 07:01:45'),
('205', '240064', '$2y$10$Kar4tEo1wfD4GCTg4QzSfu4aYhlJFpPWp5BBH6S8VdpCBVxDlZ75i', 'wali_murid', '1', NULL, '2026-05-31 07:01:45'),
('206', '240043', '$2y$10$LWPqa2b58t0EsoKV/v1bTu1OLQoaoqwOb/H5zWPD5F0EUmnerQ9Ua', 'wali_murid', '1', NULL, '2026-05-31 07:01:45'),
('207', '240031', '$2y$10$2S2f4fqt6fqZHWBWPb3fx..J8UHjY1oL5JczOMMgmmYzWT5tPoOBm', 'wali_murid', '1', NULL, '2026-05-31 07:01:45'),
('208', '240065', '$2y$10$s9kRV3KCk9HYG25TRUC90OATdxPK4mbDXR1BePNJTYatbYivRsRnS', 'wali_murid', '1', NULL, '2026-05-31 07:01:45'),
('209', '240030', '$2y$10$gakprvY1gLaKg5jPSKSex.5ixO1FMbh/jJHarZz6j.OTGFCEmn.xi', 'wali_murid', '1', NULL, '2026-05-31 07:01:46'),
('210', '240068', '$2y$10$NenVeijXJlR2FmkJbwQ.R.EGZhparjpU9MCYFLDpMGXtian/R6MPa', 'wali_murid', '1', NULL, '2026-05-31 07:01:46'),
('211', '240069', '$2y$10$kdouFs4i/mn.NJaqdRKJjuHmVcGYjFC8KUGBopYTVvb3gxBKGw4x.', 'wali_murid', '1', NULL, '2026-05-31 07:01:46'),
('212', '240013', '$2y$10$XpRLPSriPsaPkcoz5r1/quTiTdubQAQg2hOG2G.0Gucpj8eTMxhtO', 'wali_murid', '1', NULL, '2026-05-31 07:01:46'),
('213', '240014', '$2y$10$E4Kde52iutREzRRZgD/88Oip95VqBDaUdVaBpEr9VZOq9jPfQqvpS', 'wali_murid', '1', NULL, '2026-05-31 07:01:46'),
('214', '240055', '$2y$10$tqAsF4R601yaZwKeuMRFPe0rw8k6OXvpUJLBBQBhpysODPsgscj7a', 'wali_murid', '1', NULL, '2026-05-31 07:01:47'),
('215', '240018', '$2y$10$wnTlpKoQ5UKY8CeaxtTF8O6phCxSMSdLe9eVa1Mo4frF3UOOkPghK', 'wali_murid', '1', NULL, '2026-05-31 07:01:47'),
('216', '240022', '$2y$10$qsMzFWYAJcaArlKcSsUI1OIgkWCz/GNjI0fCbj0FwlyI5HtM/7a1m', 'wali_murid', '1', NULL, '2026-05-31 07:01:47'),
('217', '240059', '$2y$10$LUM1lEqIziOC7T6ZGEl56uP6KUw8JeYflELpuUKXqidD8I9Ev.DVy', 'wali_murid', '1', NULL, '2026-05-31 07:01:47'),
('218', '240001', '$2y$10$4hY9aaGVCqISNEbxCVBGkeo.aXQyvrtvtQpTX2XZM9i9eRGp6RdQO', 'wali_murid', '1', NULL, '2026-05-31 07:01:48'),
('219', '240060', '$2y$10$6vlz6y9s9Gkeu34vKRZD5ebXNC1Lj2ns3hJLRsV2mmMor1mPx36si', 'wali_murid', '1', NULL, '2026-05-31 07:01:48'),
('220', '240005', '$2y$10$Ns2FK4pHl80nni7tZHkV/en47dkg8jOI7Fk0.jpBW2b1jf8PQXfEm', 'wali_murid', '1', NULL, '2026-05-31 07:01:48'),
('221', '240028', '$2y$10$vZkrcNOboedQSk1uXQ0mS.5SJpavj/Q40tkMV1EXivsI8YXDqNsCy', 'wali_murid', '1', NULL, '2026-05-31 07:01:48'),
('222', '240046', '$2y$10$B6.I7MD3vbjeCKQTlp5oyO1FzLpQ4zGSsIXCB2lDSl.Q1E1h2EZ/q', 'wali_murid', '1', NULL, '2026-05-31 07:01:48'),
('223', '240032', '$2y$10$wUpkzUSIYC2/E6PzgOuYMOMfvRr9N75mw00Wl2nzVwRS0Z/qbkc1y', 'wali_murid', '1', NULL, '2026-05-31 07:01:49'),
('224', '230048', '$2y$10$0FvU5A0HMdKOxkQTvJMWL.ySH1ThwQ5qRQUAQXC9lQUec5DvVNe/C', 'wali_murid', '1', NULL, '2026-05-31 07:01:49'),
('225', '240011', '$2y$10$ll75B.J4nUXJxWjqjiIkW.qkFOnw9hYePDUEQ3JEjbUmTdJO.3Bni', 'wali_murid', '1', NULL, '2026-05-31 07:01:49'),
('226', '240012', '$2y$10$2BKWfJKt5Td7FJ45hAEglONrxMDk/VRRYknfsEie6PetCIXtwWE2O', 'wali_murid', '1', NULL, '2026-05-31 07:01:49'),
('227', '240048', '$2y$10$w1tw8bJJiD2Cpo8EsjEehuPbYtt26pe0xHs19Wg8eSZUZLGQVvQ1G', 'wali_murid', '1', NULL, '2026-05-31 07:01:49'),
('228', '240052', '$2y$10$RFP/FL0sVR/5tk36cbJ1wORsJw.ZKUaWAxeSVndsoCfAtYjRqC0uK', 'wali_murid', '1', NULL, '2026-05-31 07:01:50'),
('229', '240054', '$2y$10$4e5AEoITHunWDsc4es0Ce.MqveIfi5/Ka7VTeNQDtbbuekTWk6Pw2', 'wali_murid', '1', NULL, '2026-05-31 07:01:50'),
('230', '240034', '$2y$10$L9FCsrNu1AK7ZO77a13uYuWEchSOR2DsLFXm6uE.uRwueEPTU2h22', 'wali_murid', '1', NULL, '2026-05-31 07:01:50'),
('231', '240017', '$2y$10$14pkCGkYAJ333Xq8ngxveOtWK7C3jmg6rYEd3dYOXJUOz2crh9CSC', 'wali_murid', '1', NULL, '2026-05-31 07:01:50'),
('232', '240073', '$2y$10$FLaTBKWLcDtdksRRGAUqH.2gXGffmo10ahuxJsMzz52MVDeI2/EGe', 'wali_murid', '1', NULL, '2026-05-31 07:01:50'),
('233', '240074', '$2y$10$eu9l.3.wEsfDKCiGwUUrMuLy/mr9poPKw3AEdwWUSj4uMqEzO4efu', 'wali_murid', '1', NULL, '2026-05-31 07:01:51'),
('234', '240256', '$2y$10$ZSMtMwA/XxaMD7z4VXzO9OIBdl77Z/URtN8Twzh2Vmml3mehYwBVO', 'wali_murid', '1', NULL, '2026-05-31 07:01:51'),
('235', '230235', '$2y$10$89wDgXRzi3kwRU4nVyCE0eMraOGDtF49jj/en6ATVbR9/9SV7fh.W', 'wali_murid', '1', NULL, '2026-05-31 07:01:51'),
('236', '230233', '$2y$10$GV3PEacr.s/g06LtpwPAbO/tx3XN4pkhX7t2gSoSoM6.NsLI7l0oS', 'wali_murid', '1', NULL, '2026-05-31 07:01:51'),
('237', '240261', '$2y$10$bZPuhLVvV3hao/ldQUXej.gnV3RejSc6o9y4R9pBFy/DvReL9P3vW', 'wali_murid', '1', NULL, '2026-05-31 07:01:52'),
('238', '240263', '$2y$10$vPI3SDn1sy9A1rGMKkt/6uwE99hr5gzU.sBXYLqRrWfcqVV7wi46K', 'wali_murid', '1', NULL, '2026-05-31 07:01:52'),
('239', '230242', '$2y$10$nqoH..y1bdQRRsRCG/.6PeQxkTnnsZ0S1NoGBVx7HC50K2YeZfHPi', 'wali_murid', '1', NULL, '2026-05-31 07:01:52'),
('240', '240255', '$2y$10$gxr.yAfFG5rHdR40asRE4ejdUypPySv519eD/PuLcBCVrasCsVzh2', 'wali_murid', '1', NULL, '2026-05-31 07:01:52'),
('241', '250278', '$2y$10$xdTdyzuODftFik4CAgonDO.lON.35x.N47DoPvGMG/cUefIt16l5G', 'wali_murid', '1', NULL, '2026-05-31 07:01:52'),
('242', '220230', '$2y$10$fo8CJtl5tdbiyHZ/UQOQaeezCVnYrj5AINiFBjpCrBbeFCRYbnk5a', 'wali_murid', '1', NULL, '2026-05-31 07:01:53'),
('243', '240271', '$2y$10$AMxdHx1vpfv0gndFLAtcDeW4z6xHalq69CFNIpbwu2mxKgkAqq14K', 'wali_murid', '1', NULL, '2026-05-31 07:01:53'),
('244', '240268', '$2y$10$KALayS31xwmna./rgtnWO.Nc13HjdBpuPlyCKHJzTd1bZgbLnFVhG', 'wali_murid', '1', NULL, '2026-05-31 07:01:53'),
('245', '240254', '$2y$10$LaZxzLPQxKN7kbw7UHwZwugB0R5NbqDzRBNvFvHHeMKbFZfVzQ0GG', 'wali_murid', '1', NULL, '2026-05-31 07:01:53'),
('246', '240272', '$2y$10$AsnLkSon4/Qt1M.icoDgiuMmtcRvTuYLYET94QneXH7jSYlMkWe3q', 'wali_murid', '1', NULL, '2026-05-31 07:01:53'),
('247', '240269', '$2y$10$lfRLjUz3Cz4EuuSWbQ9nguLCxZ6nb18sYLuUfgxG0b4DtVdNbxzdm', 'wali_murid', '1', NULL, '2026-05-31 07:01:54'),
('248', '250277', '$2y$10$qSpcW3oTxe3liGTuRZaGruZhPVB67kTvdnbBWgKkP3qmbQRDe3Dui', 'wali_murid', '1', NULL, '2026-05-31 07:01:54'),
('249', '240259', '$2y$10$XEo88QLVLM0sln2vFqYrCOcPPuC40nEvqpZJ8Vy36RA34P0mAjPMO', 'wali_murid', '1', NULL, '2026-05-31 07:01:54'),
('250', '230236', '$2y$10$oR/VI09hMeEXmHNtQNfG5.lU2VmEUMLeSV26ruSBQcnUC2m4WlMIC', 'wali_murid', '1', NULL, '2026-05-31 07:01:54'),
('251', '250279', '$2y$10$HdXNDD4qgB3QglZrLO0GyeQ1M3pvmucDQXsrtqxTDJ.Q2h1xhvjQO', 'wali_murid', '1', NULL, '2026-05-31 07:01:55'),
('252', '240266', '$2y$10$vztxkSfk5xyn4SN.LG06UOsejUnREXtwCXmW5xaDwpZqVxjzMhRVC', 'wali_murid', '1', NULL, '2026-05-31 07:01:55'),
('253', '230241', '$2y$10$9x.qchzqP8gTnp0ipagIwuGmTiKRrhkmGWvh66DJXtE8zwh6sPYC6', 'wali_murid', '1', NULL, '2026-05-31 07:01:55'),
('254', '220210', '$2y$10$GiTOgx.YKTYdETYLMAydFuK9OmjgORjH/9OWQGPv1qF17wg9O4CfW', 'wali_murid', '1', NULL, '2026-05-31 07:01:55'),
('255', '230249', '$2y$10$c1dPmPVqz0OSlN65/6Ku8e4FwqIA4BaAmpd8HAeX8boudOSs0ib9e', 'wali_murid', '1', NULL, '2026-05-31 07:01:55'),
('256', '240275', '$2y$10$.bI9oUmoS6zOvDabcQZCEulyAEVElEat7JCHQ9CKdRsUgBYbPfn/W', 'wali_murid', '1', NULL, '2026-05-31 07:01:56'),
('257', '240276', '$2y$10$118.26hi3DeK.KrrjzYCQOcBxJPjxsqn55NNZh5VQrKYM5FwW1E0.', 'wali_murid', '1', NULL, '2026-05-31 07:01:56'),
('258', '240253', '$2y$10$qRz425ZtomYTLjsSbfbne.larTmYWJNzYUGYRkK/.s1BENptFyo7u', 'wali_murid', '1', NULL, '2026-05-31 07:01:56'),
('259', '230248', '$2y$10$b8Rz62uK.wUIcl8aCe5mV.iAcXoV9N1SuvWeOY/..5IcyKZOpIlW.', 'wali_murid', '1', NULL, '2026-05-31 07:01:56'),
('260', '240258', '$2y$10$qvd6EqbqNXiq5b0pCnwlo.AZgaD88Hw1TbDGrSPBOwyF/NF9NEpAq', 'wali_murid', '1', NULL, '2026-05-31 07:01:56'),
('261', '240264', '$2y$10$eerDnNrL/0ZwxNum2usCG.MB4riS4GNb0FhZ3288uMlsTq0ZY9TAS', 'wali_murid', '1', NULL, '2026-05-31 07:01:57'),
('262', '240257', '$2y$10$1Rj.4DUTUSshTSRcrM7dJeAd5tL05BLZB55QX5OUgMQfysIm1R5fu', 'wali_murid', '1', NULL, '2026-05-31 07:01:57'),
('263', '250280', '$2y$10$5xGwEsgh9qi6kGveY5kKWOYCclOm.jN4doOclPIC2dpfgVfGWJjR6', 'wali_murid', '1', NULL, '2026-05-31 07:01:57'),
('264', '250281', '$2y$10$TOz./TOtE22ucsZPCmVnOeFnueYeaD9o2dFQ2/5r0HsJtEOCoZnWe', 'wali_murid', '1', NULL, '2026-05-31 07:01:57'),
('265', '250282', '$2y$10$/dtMPjKVkjM5Egr1KgKWKu8f7s23MksJYB2Ss893gRsMvXDfI3Ipy', 'wali_murid', '1', NULL, '2026-05-31 07:01:57'),
('266', '250284', '$2y$10$5mMNGHT7bc27BLsfv7ksAeo0i5asHh48Q92dHAYdjO1mgoCNwlKJi', 'wali_murid', '1', NULL, '2026-05-31 07:01:58'),
('267', '250285', '$2y$10$mq4LB9ZUrXbjs99vsm6pauczpw.JglH.x6siJTB7aWE8zVmW5u7.O', 'wali_murid', '1', NULL, '2026-05-31 07:01:58'),
('268', '250287', '$2y$10$CN0KxgQkF1ojNKimOA3BpOIQPeIQYkzyTIImr6ZllGaHK1wJupDue', 'wali_murid', '1', NULL, '2026-05-31 07:01:58'),
('269', '250288', '$2y$10$6c7svsBrjDReZBUZF0Wm7O32Dx7/SCvQd5uc04CqJp9PuPXkX0lpG', 'wali_murid', '1', NULL, '2026-05-31 07:01:58'),
('270', '250289', '$2y$10$121ZYcoO9ECvh48smrAIjOlNCvszDCkNJfjvZJjqbzgGmqvWYzN0q', 'wali_murid', '1', NULL, '2026-05-31 07:01:59'),
('271', '250293', '$2y$10$egLjdoBTvkAgc8qQjpD.QeCegb3GuKb/8rXkI.AaMIMRoTY1VRujy', 'wali_murid', '1', NULL, '2026-05-31 07:01:59'),
('272', '250294', '$2y$10$54imKBxFYXB3PxsySNqQjOgQt/FdGYZ.sEqy9LENXf6tdygx8cPJ2', 'wali_murid', '1', NULL, '2026-05-31 07:01:59'),
('273', '260295', '$2y$10$K/0Wt8geGkAKiYyJdID/1OewBht7BXejG9EF9/AFCrEOudOsf4Rxu', 'wali_murid', '1', NULL, '2026-05-31 07:01:59'),
('274', '260296', '$2y$10$jIBlVShFYNGNV6duVY2HxuW7Qj5GPWef5W8L6emrovV0C5HqEmupC', 'wali_murid', '1', NULL, '2026-05-31 07:01:59'),
('275', '250297', '$2y$10$/Tj5n8t7kSSC.MDvItNWa.WsDi3WShVWdBjDzFPc46v.HkQ1Nypmy', 'wali_murid', '1', NULL, '2026-05-31 07:02:00'),
('276', '345454545', '$2y$12$whpuzarFRvaar4NRcc4NYuH7HM4UCIs9kavgsDwQUMCAk0ugaTN9i', 'guru', '1', NULL, '2026-06-10 14:51:27'),
('277', 'n', '$2y$12$T7j0hkNue.HMAeKCdBRETebCOmwSokhQBnBQVvOu8rYMCjwA6I0Om', 'wali_murid', '1', NULL, '2026-06-13 15:37:14');

-- ============================================================
-- TABEL: guru
-- ============================================================
DROP TABLE IF EXISTS `guru`;
CREATE TABLE `guru` (
  `id` int unsigned NOT NULL AUTO_INCREMENT,
  `user_id` int unsigned NOT NULL COMMENT 'Referensi ke akun login',
  `nuptk` varchar(20) COLLATE utf8mb4_unicode_ci DEFAULT NULL COMMENT 'NUPTK dari data Excel (bisa kosong)',
  `nama_lengkap` varchar(150) COLLATE utf8mb4_unicode_ci NOT NULL,
  `jabatan` varchar(50) COLLATE utf8mb4_unicode_ci NOT NULL COMMENT 'Guru, Kepala Sekolah, Karyawan, Pengasuh',
  `status` varchar(30) COLLATE utf8mb4_unicode_ci NOT NULL COMMENT 'Guru, Kepala Sekolah, Karyawan, Guru TPA',
  `pendidikan` varchar(20) COLLATE utf8mb4_unicode_ci DEFAULT NULL,
  `tempat_lahir` varchar(50) COLLATE utf8mb4_unicode_ci DEFAULT NULL,
  `tanggal_lahir` date DEFAULT NULL,
  `no_telepon` varchar(20) COLLATE utf8mb4_unicode_ci DEFAULT NULL,
  `alamat` text COLLATE utf8mb4_unicode_ci,
  `foto_profil` varchar(255) COLLATE utf8mb4_unicode_ci DEFAULT NULL,
  PRIMARY KEY (`id`),
  UNIQUE KEY `uk_nuptk` (`nuptk`),
  KEY `idx_user_id` (`user_id`),
  CONSTRAINT `fk_guru_user` FOREIGN KEY (`user_id`) REFERENCES `users` (`id`) ON DELETE CASCADE
) ENGINE=InnoDB DEFAULT CHARSET=utf8mb4 COLLATE=utf8mb4_unicode_ci COMMENT='Profil lengkap guru dan karyawan';

-- Data untuk tabel `guru`
INSERT INTO `guru` VALUES
('1', '2', 'NUPTK', 'NAMA', 'Jabatan', 'STATUS', 'Pendidikan', 'Tempat', NULL, 'No Telp', 'Alamat Rumah', NULL),
('2', '3', '8460-7566-5730-0022', 'Maslichah Hartatik, S. S', 'Guru', 'Kepala Sekolah', 'Strata 1', 'Malang', NULL, '085855296776', 'Jl Danau Sentarum II. E4A No. 8   Malang', NULL),
('3', '4', '6647-7456-4830-0052', 'Siti Orbaniyah Suhartati, S. Psi', 'Bendahara/Guru', 'Guru', 'Strata 1', 'Malang', NULL, '08175402754', 'Perum Garden Palma AU. 3A    Malang', NULL),
('4', '5', '6641-7456-4830-0032', 'Dra. Siti Asiyah', 'Kepala Sekolah', 'Guru', 'Strata 1', 'Malang', NULL, '081334146226', 'Jl. Tirtomulyo 5B No 15 Landungsari, Dau Malang', NULL),
('5', '6', '2149-7506-5030-0003', 'Siti Asiyah, S. Pd', 'Guru', 'Guru', 'Strata 1', 'Ngawi', NULL, '085732377778', 'Jl Kemantren Gg Wahidin No 3 Malang', NULL),
('6', '7', '5858-7616-6230-0012', 'Eny Sri Rahayu, S. Pd', 'Guru', 'Guru', 'Strata 1', 'Blitar', NULL, '082143105009', 'Perum Buring Indah Regency I Blok B-8  Malang', NULL),
('7', '8', '6757-7546-5630-0022', 'Siti Mas’ul Shofiyah, S. Pd', 'Guru', 'Guru', 'Strata 1', 'Malang', '1976-04-25', '081234532451', 'Villa Bukit Tidar A1-207 Malang', NULL),
('8', '9', '7561-7576-5930-0013', 'Aida Ahmad, S. Pd', 'Guru', 'Guru', 'Strata 1', 'Ende', NULL, '081249666900', 'Jl Kedawung Gang X/6   Malang', NULL),
('9', '10', '3546761663200013', 'Moch. Ilham Al R, S. Pd', 'Guru', 'Guru', 'Strata 1', 'Malang', NULL, '085895855681', 'Perum Puri Cempaka Putih Blok X No 2 Malang', NULL),
('10', '11', NULL, 'Eko Suprianto, S.Psi', 'Guru', 'Guru', 'Strata 1', 'Malang', '1989-04-03', '08998802611', 'Jl. Rawisari Mulyorejo Sukun Kota Malang', NULL),
('11', '12', '5338763664300073', 'Mega Shinta Oktavia. S. Pd', 'Guru', 'Guru', 'Strata 1', 'Bangkalan', NULL, '081938082698', 'jl.Kemantren II no.19B. Gang Salam 6. Malang', NULL),
('12', '13', NULL, 'Suryati, S.Pd', 'Pengasuh', 'Guru', 'Strata 1', 'Blitar', NULL, '089658947741', 'Perumahan Bukit Cemara Tidar Blok L1/2', NULL),
('13', '14', '8057762663300033', 'Ratna Yuliati, S. Pd', 'Guru', 'Guru', 'Strata 1', 'Tulung agung', '1984-07-24', '085649700201', 'Jl. Joyosuko Agung RT.09 RW. 06 Karang Besuki', NULL),
('14', '15', '9343764666300063', 'Nikmatul Kharima, S. PdI, M.Pd', 'Guru', 'Guru', 'Strata 2', 'Malang', NULL, '081233770280', 'Jl K H Syamsul Arifin Gondanglegi', NULL),
('15', '16', NULL, 'Mina Fadhilah Ustadzah S.Psi', 'Pengasuh', 'Guru', 'Strata 1', 'Tulungagung', NULL, '08975782200', 'Jl Terusan sigura-gura D/166 Malang', NULL),
('16', '17', NULL, 'Erni Suhartini', 'Karyawan', 'Karyawan', 'SMA', 'Jakarta', '1970-11-24', '081358354361', 'Jl. Kertosariro no 22  Malang', NULL),
('17', '18', '7939763664200052', 'Fadil Ansori', 'Karyawan', 'Karyawan', 'SMK', 'Malang', '1985-06-06', '083852927060', 'Jl Ciamis Dalam No 21  Malang', NULL),
('18', '19', '0455-7456-4930-0023', 'Siti Jamilah, S. Sos', 'Pengasuh TPA', 'Guru TPA', 'Strata 1', 'Malang', '1967-11-23', '085855034060', 'Jl. M. Panjaitan I/72  Malang', NULL),
('19', '20', NULL, 'Ruslaila', 'Pengasuh TPA', 'Pengasuh TPA', 'SMA', 'Malang', NULL, '087712640105', 'Jl. Batujajar III/14 Malang', NULL),
('20', '21', NULL, 'Lila Mangun Wijaya', 'Pengasuh TPA', 'Pengasuh TPA', 'SMA', 'Malang', '1988-04-16', '081515345545', 'Jl. Kertosariro no 16 Kelurahan Ketawang Gede', NULL),
('21', '22', NULL, 'Ahmad Arip Wibowo', 'Karyawan', 'Karyawan', 'SMA', 'Malang', '1987-09-09', '085259235987', 'Jalan Raya Candi III/485 A Karang besuki', NULL),
('22', '23', NULL, 'Dhea Amanda Sitha Indraswari, A.Md', 'Tata Usaha', 'Tata Usaha', 'Diploma 3', 'Malang', NULL, '08155512934', 'Jl Mayjen Panjaitan XV/55 Malang', NULL),
('23', '24', NULL, 'Sofia Amalia, S.Pd', 'Pengasuh TPA', 'Guru TPA', 'Strata 1', 'Ndorurea', '2026-06-30', '081219855452', 'Jl. Kertopamuji No. 27 Malang', NULL),
('24', '25', NULL, 'Nur Sa’adah, S.H.', 'Pengasuh TPA', 'Guru TPA', 'Strata 1', 'Bojonegoro', '2026-07-03', '08812425472', 'Ds. Tembeling Kec. Kasiman Kab. Bojonegoro Rt.003 Rw. 001', NULL),
('25', '276', '345454545', 'hjjhhhjh', 'Guru', 'Guru', NULL, NULL, NULL, '2434343', NULL, NULL);

-- ============================================================
-- TABEL: kelas
-- ============================================================
DROP TABLE IF EXISTS `kelas`;
CREATE TABLE `kelas` (
  `id` int unsigned NOT NULL AUTO_INCREMENT,
  `kode_kelas` varchar(10) COLLATE utf8mb4_unicode_ci NOT NULL COMMENT 'Kode singkat: TKA-1, TKB-2, KB-3, dll',
  `nama_kelas` varchar(50) COLLATE utf8mb4_unicode_ci NOT NULL COMMENT 'Nama lengkap kelas',
  `jenjang` enum('KB','TKA','TKB','TPA') COLLATE utf8mb4_unicode_ci NOT NULL,
  `guru_id` int unsigned DEFAULT NULL COMMENT 'Wali kelas yang bertanggung jawab',
  `tahun_ajaran` varchar(10) COLLATE utf8mb4_unicode_ci NOT NULL COMMENT 'Contoh: 2025/2026',
  `is_active` tinyint(1) NOT NULL DEFAULT '1',
  PRIMARY KEY (`id`),
  UNIQUE KEY `uk_kode_kelas` (`kode_kelas`),
  KEY `idx_guru_id` (`guru_id`),
  CONSTRAINT `fk_kelas_guru` FOREIGN KEY (`guru_id`) REFERENCES `guru` (`id`) ON DELETE SET NULL
) ENGINE=InnoDB DEFAULT CHARSET=utf8mb4 COLLATE=utf8mb4_unicode_ci COMMENT='Daftar kelas aktif dan wali kelas';

-- Data untuk tabel `kelas`
INSERT INTO `kelas` VALUES
('1', 'KB-1', 'KB Melati', 'KB', '3', '2025/2026', '1'),
('2', 'KB-2', 'KB Mawar', 'KB', '25', '2025/2026', '1'),
('3', 'KB-3', 'KB Teratai', 'KB', NULL, '2025/2026', '1'),
('4', 'KB-4', 'KB Sakura', 'KB', NULL, '2025/2026', '1'),
('5', 'TKA-1', 'Bustanul Athfal A1', 'TKA', NULL, '2025/2026', '1'),
('6', 'TKA-2', 'Bustanul Athfal A2', 'TKA', NULL, '2025/2026', '1'),
('7', 'TKA-3', 'Bustanul Athfal A3', 'TKA', NULL, '2025/2026', '1'),
('8', 'TKA-4', 'Bustanul Athfal A4', 'TKA', NULL, '2025/2026', '1'),
('9', 'TKB-1', 'Bustanul Athfal B1', 'TKB', NULL, '2025/2026', '1'),
('10', 'TKB-2', 'Bustanul Athfal B2', 'TKB', NULL, '2025/2026', '1'),
('11', 'TKB-3', 'Bustanul Athfal B3', 'TKB', NULL, '2025/2026', '1'),
('12', 'TKB-4', 'Bustanul Athfal B4', 'TKB', NULL, '2025/2026', '1'),
('13', 'TPA', 'Taman Penitipan Anak', 'TPA', NULL, '2025/2026', '1');

-- ============================================================
-- TABEL: siswa
-- ============================================================
DROP TABLE IF EXISTS `siswa`;
CREATE TABLE `siswa` (
  `id` int unsigned NOT NULL AUTO_INCREMENT,
  `user_id` int unsigned NOT NULL COMMENT 'Referensi ke akun login wali murid',
  `nis` varchar(10) COLLATE utf8mb4_unicode_ci NOT NULL COMMENT 'No. Induk Siswa dari Excel (contoh: 250001)',
  `nama_lengkap` varchar(150) COLLATE utf8mb4_unicode_ci NOT NULL,
  `nama_panggilan` varchar(30) COLLATE utf8mb4_unicode_ci DEFAULT NULL,
  `jenis_kelamin` enum('L','P') COLLATE utf8mb4_unicode_ci NOT NULL,
  `kelas_id` int unsigned NOT NULL COMMENT 'Kelas yang diikuti siswa',
  `nama_wali` varchar(150) COLLATE utf8mb4_unicode_ci DEFAULT NULL COMMENT 'Nama orang tua / wali murid',
  `foto_siswa` varchar(255) COLLATE utf8mb4_unicode_ci DEFAULT NULL,
  `is_active` tinyint(1) NOT NULL DEFAULT '1',
  PRIMARY KEY (`id`),
  UNIQUE KEY `uk_nis` (`nis`),
  KEY `idx_user_id` (`user_id`),
  KEY `idx_kelas_id` (`kelas_id`),
  CONSTRAINT `fk_siswa_kelas` FOREIGN KEY (`kelas_id`) REFERENCES `kelas` (`id`) ON DELETE RESTRICT,
  CONSTRAINT `fk_siswa_user` FOREIGN KEY (`user_id`) REFERENCES `users` (`id`) ON DELETE CASCADE
) ENGINE=InnoDB DEFAULT CHARSET=utf8mb4 COLLATE=utf8mb4_unicode_ci COMMENT='Profil lengkap siswa';

-- Data untuk tabel `siswa`
INSERT INTO `siswa` VALUES
('1', '26', '1250001', 'Ahmad Kholil Alfarizi', 'Ahmad', 'L', '1', NULL, NULL, '1'),
('2', '27', '1250002', 'Aleefa Hafshah Hauda', 'Hafshah', 'P', '1', NULL, NULL, '1'),
('3', '28', '1250003', 'Elmedina Ghania Prabowo', 'EL', 'P', '1', NULL, NULL, '1'),
('4', '29', '1250004', 'Fahrisya Maryam Azzahra', 'Fahrisya', 'P', '1', NULL, NULL, '1'),
('5', '30', '1250005', 'Faiha Aisha Nafisa', 'Aisha', 'P', '1', NULL, NULL, '1'),
('6', '31', '1250006', 'Ghifari Saffaras Rawindra', 'Ghifari', 'L', '1', NULL, NULL, '1'),
('7', '32', '1250007', 'Husein Albarra Lutfi', 'Husein', 'L', '1', NULL, NULL, '1'),
('8', '33', '1250008', 'Jason Abizar Maulana', 'Jason', 'L', '1', NULL, NULL, '1'),
('9', '34', '1250009', 'Maulana Hasya Alvian', 'Hasya', 'L', '1', NULL, NULL, '1'),
('10', '35', '1250010', 'Muhammad Hamizan Khairullah', 'Izan', 'L', '1', NULL, NULL, '1'),
('11', '36', '1250011', 'Rameza Barra Al Ghani', 'Eca', 'L', '1', NULL, NULL, '1'),
('12', '37', '1250012', 'Reyno Ahmed Setyawan', 'Reyno', 'L', '1', NULL, NULL, '1'),
('13', '38', '1250013', 'Sainala Embun Alfananda', 'Nala', 'P', '1', NULL, NULL, '1'),
('14', '39', '1250014', 'Alveena Shezan Tavisha Septiaji', 'Veena', 'P', '2', NULL, NULL, '1'),
('15', '40', '1250015', 'Ananda Jagad Prasetyo', 'Jagad', 'L', '2', NULL, NULL, '1'),
('16', '41', '1250016', 'Annira Tasbiha Hayya Wijaya', 'Nira', 'P', '2', NULL, NULL, '1'),
('17', '42', '1240002', 'Atharrazka Saqee Putra Sonatha', 'Azka', 'L', '2', NULL, NULL, '1'),
('18', '43', '1240054', 'Eiliya Fauziah Rahmawati', 'Ei', 'P', '2', NULL, NULL, '1'),
('19', '44', '1250017', 'Fathan Athallah Shaquile Hadika', 'Fathan', 'L', '2', NULL, NULL, '1'),
('20', '45', '1250018', 'Firantya Putri Hamizah', 'Ranty', 'P', '2', NULL, NULL, '1'),
('21', '46', '1240007', 'Galazeya Omera Nobelta', 'Lala', 'P', '2', NULL, NULL, '1'),
('22', '47', '1250019', 'Gavin Arzanka Akhmad', 'Gavin', 'L', '2', NULL, NULL, '1'),
('23', '48', '1250020', 'Hanna Almahira', 'Hanna', 'P', '2', NULL, NULL, '1'),
('24', '49', '1250021', 'Kalief Arkatama Hamdani', 'Kalief', 'L', '2', NULL, NULL, '1'),
('25', '50', '1250022', 'Muhammad Arka Nazhief Al-Azmi', 'Arka', 'L', '2', NULL, NULL, '1'),
('26', '51', '1250023', 'Raiqa Shareeza Yumna Mahiswara', 'Rara', 'P', '2', NULL, NULL, '1'),
('27', '52', '1250024', 'Rajendra Ziggy Ibrahim', 'Ziggy', 'L', '2', NULL, NULL, '1'),
('28', '53', '1250025', 'Alanna Gumaisha Alyoona', 'Alanna', 'P', '3', NULL, NULL, '1'),
('29', '54', '1250026', 'Alzata Giandra Saira', 'Alza', 'P', '3', NULL, NULL, '1'),
('30', '55', '1250027', 'Damar Nailul Kafi', 'Kafi', 'L', '3', NULL, NULL, '1'),
('31', '56', '1250028', 'Elmerenver Radanka Junelyond', 'EL', 'L', '3', NULL, NULL, '1'),
('32', '57', '1250029', 'Elzio Ibramsyah Muhammad', 'Jio', 'L', '3', NULL, NULL, '1'),
('33', '58', '1240005', 'Faeyza Gaffy Mukminin', 'Eyza', 'L', '3', NULL, NULL, '1'),
('34', '59', '1240006', 'Farla Ghania Farvasha', 'Farla', 'P', '3', NULL, NULL, '1'),
('35', '60', '1250030', 'Haizan Kenzo Farezel Nugraha', 'Farezel', 'L', '3', NULL, NULL, '1'),
('36', '61', '1250031', 'Lakshararas Noura Bestari', 'Nora', 'P', '3', NULL, NULL, '1'),
('37', '62', '1240009', 'Muhammad Fabian Akbar', 'Bian', 'L', '3', NULL, NULL, '1'),
('38', '63', '1250032', 'Naufal Alfarizqi Prasetyo', 'Naufal', 'L', '3', NULL, NULL, '1'),
('39', '64', '1250033', 'Nuroini Balqis Ufaira', 'Rani', 'P', '3', NULL, NULL, '1'),
('40', '65', '1250034', 'Shakayla Asheeqa Kurniawan', 'Kayla', 'P', '3', NULL, NULL, '1'),
('41', '66', '1250035', 'Sheza Almahyra Shanum', 'Sheza', 'P', '3', NULL, NULL, '1'),
('42', '67', '1250036', 'Aluna Sienna Kahla Athasha', 'Sienna', 'P', '4', NULL, NULL, '1'),
('43', '68', '1250037', 'Anindya Chariva Elmedina', 'Anin', 'P', '4', NULL, NULL, '1'),
('44', '69', '1250038', 'Arcellio Althaf Nurdhani', 'Arcel', 'L', '4', NULL, NULL, '1'),
('45', '70', '1240001', 'Arsyfa Rizky Nadhira Putri', 'Cipa', 'P', '4', NULL, NULL, '1'),
('46', '71', '1250039', 'Baiq Arlula Nadhira Syaquila', 'Arlula', 'P', '4', NULL, NULL, '1'),
('47', '72', '1240055', 'Daira Alma Talesha', 'Alma', 'P', '4', NULL, NULL, '1'),
('48', '73', '1240004', 'Eshan Altair Rayyan Putra Nico', 'Eshan', 'L', '4', NULL, NULL, '1'),
('49', '74', '1250040', 'Galenia Humaira Wibisono', 'Galen', 'P', '4', NULL, NULL, '1'),
('50', '75', '1250041', 'Ganendra Cakrawangsa Kusuma Wijaya', 'Aga', 'L', '4', NULL, NULL, '1'),
('51', '76', '1250042', 'Garwita Shanum Mahiswari', 'Shanum', 'P', '4', NULL, NULL, '1'),
('52', '77', '1240008', 'Griffin Cavero Putra Dearangga', 'Vero', 'L', '4', NULL, NULL, '1'),
('53', '78', '1250043', 'Haziq Abian Shaquille Laksana', 'Haziq', 'L', '4', NULL, NULL, '1'),
('54', '79', '1250044', 'Mohammad Fawwaz Al Faraby', 'Fawwaz', 'L', '4', NULL, NULL, '1'),
('55', '80', '1250045', 'Muhammad Zafran Arrahman', 'Zafran', 'L', '4', NULL, NULL, '1'),
('56', '81', '1250046', 'Namira Ariadevanya', 'Namnam', 'P', '4', NULL, NULL, '1'),
('57', '82', '250001', 'Aisyah Nayla Adeera', 'Adeera', 'P', '5', NULL, NULL, '1'),
('58', '83', '250002', 'Anaya Arinda Ayunindia', 'Anaya', 'P', '5', NULL, NULL, '1'),
('59', '84', '250003', 'Aquila Hana Asshafura', 'Aura', 'P', '5', NULL, NULL, '1'),
('60', '85', '250004', 'Arkana Rashid Rizqillah', 'Rashid', 'L', '5', NULL, NULL, '1'),
('61', '86', '250005', 'Arshaka Aqmar Arrasyid', 'Shaka', 'L', '5', NULL, NULL, '1'),
('62', '87', '250006', 'Arya Munif Wahyu Agung', 'Arya', 'L', '5', NULL, NULL, '1'),
('63', '88', '250007', 'Azka Azkiya Nisa', 'Azka', 'P', '5', NULL, NULL, '1'),
('64', '89', '250008', 'Azkairo Reiga Hariso', 'Kairo', 'L', '5', NULL, NULL, '1'),
('65', '90', '250009', 'Azzahra Gantari Priadmaja', 'Ara', 'P', '5', NULL, NULL, '1'),
('66', '91', '250010', 'Ceisya Elvina Azzahra Ikhsan', 'Ceisya', 'P', '5', NULL, NULL, '1'),
('67', '92', '250011', 'Deirya Ruby Alfananda', 'Dei', 'P', '5', NULL, NULL, '1'),
('68', '93', '250012', 'Evano Brilliant Hamonangan', 'Vano', 'L', '5', NULL, NULL, '1'),
('69', '94', '250013', 'Fairel Arka Rizaldi', 'EL', 'L', '5', NULL, NULL, '1'),
('70', '95', '250014', 'Fatma Zahira Naura Ramadhani', 'Farah', 'P', '5', NULL, NULL, '1'),
('71', '96', '240044', 'Kayana Stradivari Naladhipa', 'Nana', 'P', '5', NULL, NULL, '1'),
('72', '97', '250015', 'Lintang Almira Nayya', 'Lintang', 'P', '5', NULL, NULL, '1'),
('73', '98', '250016', 'Muhammad Arkana Arsyanendra', 'Arkana', 'L', '5', NULL, NULL, '1'),
('74', '99', '250017', 'Rania Nadhira Sulistyono', 'Rania', 'P', '5', NULL, NULL, '1'),
('75', '100', '250018', 'Sikha Hafidzah Khinurisa', 'Hafidzah', 'P', '5', NULL, NULL, '1'),
('76', '101', '250019', 'Tisha Kirana Mahardhika', 'Tisha', 'P', '5', NULL, NULL, '1'),
('77', '102', '250020', 'Abqura Cheryl Andinata Aileen', 'Aileen', 'P', '6', NULL, NULL, '1'),
('78', '103', '250021', 'Ahilla Sakhiyya Irfan', 'Ahilla', 'P', '6', NULL, NULL, '1'),
('79', '104', '250022', 'Aisyah Maulidya Putri Megantara', 'Aisyah', 'P', '6', NULL, NULL, '1'),
('80', '105', '250023', 'Albirru Syazani', 'Birru', 'P', '6', NULL, NULL, '1'),
('81', '106', '250024', 'Aleena Nareswari Hartono', 'Aleena', 'P', '6', NULL, NULL, '1'),
('82', '107', '250025', 'Almahyra Fauzia Rizqillah', 'Almahyra', 'P', '6', NULL, NULL, '1'),
('83', '108', '240061', 'Bastna Anahita Faranisa', 'Bastna', 'P', '6', NULL, NULL, '1'),
('84', '109', '250026', 'Delia Alisha Mecca Paundra', 'Delia', 'P', '6', NULL, NULL, '1'),
('85', '110', '250027', 'Guinandra Abqary Refkytama', 'Guin', 'L', '6', NULL, NULL, '1'),
('86', '111', '250028', 'Jevier Oshe Adxaja', 'Jeje', 'L', '6', NULL, NULL, '1'),
('87', '112', '250029', 'Luqman Farid Nahdi', 'Luqman', 'L', '6', NULL, NULL, '1'),
('88', '113', '250030', 'Michayla Maeswara Putri Pamungkas', 'Michi', 'P', '6', NULL, NULL, '1'),
('89', '114', '250031', 'Nahrasiyah Ayana Argatsani', 'Nahra', 'P', '6', NULL, NULL, '1'),
('90', '115', '250032', 'Narendra Byakta Azka Girdhan', 'Girdhan', 'L', '6', NULL, NULL, '1'),
('91', '116', '250033', 'Praksaghani Mateen Ashkan Sasongko', 'Praksa', 'L', '6', NULL, NULL, '1'),
('92', '117', '250034', 'Qaireen Ghania Alesha', 'Qaireen', 'P', '6', NULL, NULL, '1'),
('93', '118', '250035', 'Rafidan Qiyas Calixto', 'Calixto', 'L', '6', NULL, NULL, '1'),
('94', '119', '250036', 'Rayhana Naura Jannata', 'Rena', 'P', '6', NULL, NULL, '1'),
('95', '120', '250037', 'Sudais Ahmad Al Jaber Sajidin', 'Sudais', 'L', '6', NULL, NULL, '1'),
('96', '121', '250038', 'Zea Ceffky Shaqueena', 'Zea', 'P', '6', NULL, NULL, '1'),
('97', '122', '250039', 'Abubakr Syafiq Kasyafani', 'Abu', 'L', '7', NULL, NULL, '1'),
('98', '123', '250040', 'Ainaya Qaireen Pinasthika', 'Naya', 'P', '7', NULL, NULL, '1'),
('99', '124', '250041', 'Aisyah Gistara Azkadina Kurniawan', 'Aisyah', 'P', '7', NULL, NULL, '1'),
('100', '125', '250042', 'Alisha Kirana Mahestri Bestari', 'Alisha', 'P', '7', NULL, NULL, '1'),
('101', '126', '250043', 'Almira Sakhiya Andriyansyah', 'Sakhiya', 'P', '7', NULL, NULL, '1'),
('102', '127', '250044', 'Calluella Ariana Maha Putrie', 'Iyya', 'P', '7', NULL, NULL, '1'),
('103', '128', '250045', 'Fathian Malik Al Zhafran', 'Zhafran', 'L', '7', NULL, NULL, '1'),
('104', '129', '250046', 'Ghiyyaatsun Gamila Ghauts', 'Ghiyyaa', 'P', '7', NULL, NULL, '1'),
('105', '130', '250047', 'Ibrahim Arshad Kafabih', 'Baim', 'L', '7', NULL, NULL, '1'),
('106', '131', '250048', 'Irsyad Albifardzan Ergiono', 'Irsyad', 'L', '7', NULL, NULL, '1'),
('107', '132', '250049', 'Muhammad Sirojuddin Mukti', 'Siroj', 'L', '7', NULL, NULL, '1'),
('108', '133', '250050', 'Nafisha Azkiya Budi Satriana', 'Nafisha', 'P', '7', NULL, NULL, '1'),
('109', '134', '250051', 'Naura Azkadina Putri Yanuar', 'Naura', 'P', '7', NULL, NULL, '1'),
('110', '135', '250052', 'Ryo Ammar Setyawan', 'Ryo', 'L', '7', NULL, NULL, '1'),
('111', '136', '250053', 'Saqeenarava Celia Aara', 'Aara', 'P', '7', NULL, NULL, '1'),
('112', '137', '250054', 'Shireen Maheera Afsha', 'Shireen', 'P', '7', NULL, NULL, '1'),
('113', '138', '250055', 'Talia Marsha Yudhistira', 'Aca', 'P', '7', NULL, NULL, '1'),
('114', '139', '250056', 'Tanaya Rumaisha', 'Rumi', 'P', '7', NULL, NULL, '1'),
('115', '140', '250057', 'Tazkia Aqilah Febriana', 'Azki', 'P', '7', NULL, NULL, '1'),
('116', '141', '250058', 'Viona Mahardika', 'Viona', 'P', '7', NULL, NULL, '1'),
('117', '142', '250059', 'Aghnia Alesha Azis', 'Aghnia', 'P', '8', NULL, NULL, '1'),
('118', '143', '250060', 'Almahyra Chyara Nafeeza', 'Hyra', 'P', '8', NULL, NULL, '1'),
('119', '144', '250061', 'Arka Zayn Lazuardi Asadel', 'Arka', 'L', '8', NULL, NULL, '1'),
('120', '145', '250062', 'Ashilah Keiva Salama', 'Ashilah', 'P', '8', NULL, NULL, '1'),
('121', '146', '250063', 'Azqilla Laiba Sezen', 'Asqi', 'P', '8', NULL, NULL, '1'),
('122', '147', '250064', 'Barra Assyauqi Ellandra', 'Barra', 'L', '8', NULL, NULL, '1'),
('123', '148', '250065', 'Eunoia Zayyana Serein Yudha Permana', 'Serein', 'P', '8', NULL, NULL, '1'),
('124', '149', '250066', 'Fayzel Mudzaffar Yusda', 'Azel', 'L', '8', NULL, NULL, '1'),
('125', '150', '250067', 'Felixia Ceysa Frianta Quinn', 'Cici', 'P', '8', NULL, NULL, '1'),
('126', '151', '250068', 'Hanindya Gayatri Maheswari', 'Hanin', 'P', '8', NULL, NULL, '1'),
('127', '152', '250069', 'Marcelio Cakra Seiya', 'Marcel', 'L', '8', NULL, NULL, '1'),
('128', '153', '250070', 'Muhammad Seyhan Prasetyo', 'Seyhan', 'L', '8', NULL, NULL, '1'),
('129', '154', '250071', 'Nahla Isad Kaleela', 'Nahla', 'P', '8', NULL, NULL, '1'),
('130', '155', '250072', 'Nayyara Magistricia Husniah El Cahyo', 'Ara', 'P', '8', NULL, NULL, '1'),
('131', '156', '250073', 'Radeva Jaya Wardana', 'Deva', 'L', '8', NULL, NULL, '1'),
('132', '157', '250074', 'Rayyan Pradana Al Ghifari', 'Rayyan', 'L', '8', NULL, NULL, '1'),
('133', '158', '250075', 'Sakura Alesha Komaria', 'Sakura', 'P', '8', NULL, NULL, '1'),
('134', '159', '250076', 'Syahra Saiqa Bahira', 'Syahra', 'P', '8', NULL, NULL, '1'),
('135', '160', '250077', 'Zahra Putri Ramadhani', 'Zahra', 'P', '8', NULL, NULL, '1'),
('136', '161', '250078', 'Zarco Ganendra Ralana', 'Jeco', 'L', '8', NULL, NULL, '1'),
('137', '162', '240021', 'Adreena Sanza Nabeela', 'Adreena', 'P', '9', NULL, NULL, '1'),
('138', '163', '240057', 'Aisha Elmeera Qariru', 'Aisha', 'P', '9', NULL, NULL, '1'),
('139', '164', '240040', 'Arsenio Kiandra Harmidika', 'Kiandra', 'L', '9', NULL, NULL, '1'),
('140', '165', '240062', 'Belinda Khayra Mintaito Hasibuan', 'Belinda', 'P', '9', NULL, NULL, '1'),
('141', '166', '240003', 'Cendekia Damar Wicaksana', 'Damar', 'L', '9', NULL, NULL, '1'),
('142', '167', '240026', 'Chafaz Shaquille Alfariezq', 'Shaquille', 'L', '9', NULL, NULL, '1'),
('143', '168', '240004', 'Dyandra Mahasti Humaira', 'Asti', 'P', '9', NULL, NULL, '1'),
('144', '169', '240042', 'Faiqah Natsubah Zhafirah Efendi', 'Faiqah', 'P', '9', NULL, NULL, '1'),
('145', '170', '240027', 'Fathia Alanna Radhifta', 'Lana', 'P', '9', NULL, NULL, '1'),
('146', '171', '240066', 'Kanadeya Lashira Nobelta', 'Kana', 'P', '9', NULL, NULL, '1'),
('147', '172', '240008', 'Keenan Zhafran Athallah', 'Keenan', 'L', '9', NULL, NULL, '1'),
('148', '173', '240033', 'Muhammad Emran Rahman', 'Emran', 'L', '9', NULL, NULL, '1'),
('149', '174', '240071', 'Muhammad Razka Tirta', 'Razka', 'L', '9', NULL, NULL, '1'),
('150', '175', '250079', 'Muhammad Sulthan Bona Al Habibie Mubarak', 'Sulthan', 'L', '9', NULL, NULL, '1'),
('151', '176', '240051', 'Muhammad Zidan Ramadhan', 'Zidan', 'L', '9', NULL, NULL, '1'),
('152', '177', '240035', 'Raihana Izzati Yumna', 'Hana', 'P', '9', NULL, NULL, '1'),
('153', '178', '240072', 'Sambara Banyubiru Putradharma', 'Wawa', 'L', '9', NULL, NULL, '1'),
('154', '179', '240037', 'Zalfa Arumi Fauziah', 'Rumi', 'P', '9', NULL, NULL, '1'),
('155', '180', '240020', 'Adam Khairan Arsalan', 'Adam', 'L', '10', NULL, NULL, '1'),
('156', '181', '240039', 'Alesha Shana Kamila Atthiya', 'Shana', 'P', '10', NULL, NULL, '1'),
('157', '182', '240024', 'Aliya Zea Azkadina', 'Aliya', 'P', '10', NULL, NULL, '1'),
('158', '183', '240058', 'Alkindi Saverio Abel', 'Abel', 'L', '10', NULL, NULL, '1'),
('159', '184', '250080', 'Arsakha Alvarendra Manggala Wijaya', 'Arsa', 'L', '10', NULL, NULL, '1'),
('160', '185', '240002', 'Assyabiya Hanifa Jasmine', 'Biya', 'P', '10', NULL, NULL, '1'),
('161', '186', '240063', 'Ezzahra Nafha Iqna', 'Zahra', 'P', '10', NULL, NULL, '1'),
('162', '187', '240067', 'Lanika Shakayla Humaira', 'Lanika', 'P', '10', NULL, NULL, '1'),
('163', '188', '240045', 'Larasati Ardiana Hazimah', 'Laras', 'P', '10', NULL, NULL, '1'),
('164', '189', '240047', 'Muhammad Ahsani Taqwim', 'Ahsan', 'L', '10', NULL, NULL, '1'),
('165', '190', '240010', 'Muhammad Al-Isra Ryshaka Sutyoso', 'Ray', 'L', '10', NULL, NULL, '1'),
('166', '191', '240070', 'Muhammad Nizam Alfarizi', 'Nizam', 'L', '10', NULL, NULL, '1'),
('167', '192', '240050', 'Muhammad Zafran Rasya Syazani', 'Zafran', 'L', '10', NULL, NULL, '1'),
('168', '193', '240015', 'Radja Radjinamal', 'Arad', 'L', '10', NULL, NULL, '1'),
('169', '194', '240036', 'Rakabumi Sabrang Damar Wijaya', 'Damar', 'L', '10', NULL, NULL, '1'),
('170', '195', '240016', 'Rihidan Shaquille Arghani', 'Hidan', 'L', '10', NULL, NULL, '1'),
('171', '196', '240019', 'Shaquita Humaira Ramadhantya', 'Maira', 'P', '10', NULL, NULL, '1'),
('172', '197', '240056', 'Siti Zulaikha Jamalia', 'Lia', 'P', '10', NULL, NULL, '1'),
('173', '198', '240023', 'Aisha Sekar Arum Cordova', 'Icut', 'P', '11', NULL, NULL, '1'),
('174', '199', '240038', 'Aisyah', 'Aisyah', 'P', '11', NULL, NULL, '1'),
('175', '200', '240025', 'Azam Hamizan Athafariz', 'Azam', 'L', '11', NULL, NULL, '1'),
('176', '201', '230043', 'Azfar Kaza Annawawi', 'Awi', 'L', '11', NULL, NULL, '1'),
('177', '202', '240029', 'Grizelle Jovanka', 'Grizel', 'P', '11', NULL, NULL, '1'),
('178', '203', '240006', 'Hana Sakhiy', 'Hana', 'P', '11', NULL, NULL, '1'),
('179', '204', '240007', 'Hayyin Muhammad Yuzuru', 'Hayyin', 'L', '11', NULL, NULL, '1'),
('180', '205', '240064', 'Humaira Arsyla Mehrunisa', 'Yiyi', 'P', '11', NULL, NULL, '1'),
('181', '206', '240043', 'Ibrahim Akmal Mahardhika', 'Ibrahim', 'L', '11', NULL, NULL, '1'),
('182', '207', '240031', 'Kafha Emeraldy Yusuf Harza', 'Kafha', 'L', '11', NULL, NULL, '1'),
('183', '208', '240065', 'Kalyan Bhagawan Pravan', 'Kalyan', 'L', '11', NULL, NULL, '1'),
('184', '209', '240030', 'Kayla Avishka Wahyu Permadi', 'Kayla', 'P', '11', NULL, NULL, '1'),
('185', '210', '240068', 'Leonor Afiyah Khadijah', 'Leonor', 'P', '11', NULL, NULL, '1'),
('186', '211', '240069', 'Muhammad Eshaal Deen Pasha', 'Eshaal', 'L', '11', NULL, NULL, '1'),
('187', '212', '240013', 'Nadia Ersya Kalila', 'Nadia', 'P', '11', NULL, NULL, '1'),
('188', '213', '240014', 'Queensha Almahyra Medina Ardiansyah', 'Queen', 'P', '11', NULL, NULL, '1'),
('189', '214', '240055', 'Raffasya Mika Yonandre', 'Raffasya', 'L', '11', NULL, NULL, '1'),
('190', '215', '240018', 'Sakha Rafisqy Wicaksono', 'Sakha', 'L', '11', NULL, NULL, '1'),
('191', '216', '240022', 'Ahmad Barlian Liv Laukhi', 'Lian', 'L', '12', NULL, NULL, '1'),
('192', '217', '240059', 'Althafunnisa Sya\'ban Falisya', 'Althaf', 'P', '12', NULL, NULL, '1'),
('193', '218', '240001', 'Alyssa Deena Bahar', 'Caca', 'P', '12', NULL, NULL, '1'),
('194', '219', '240060', 'Arsyanendra Satria Nirankara', 'Yaya', 'L', '12', NULL, NULL, '1'),
('195', '220', '240005', 'Falisha Clemira Akhmad', 'Falisha', 'P', '12', NULL, NULL, '1'),
('196', '221', '240028', 'Ghaniya Zea Putri Meina', 'Zea', 'P', '12', NULL, NULL, '1'),
('197', '222', '240046', 'Latisha Afsheena Mazr', 'Latisha', 'P', '12', NULL, NULL, '1'),
('198', '223', '240032', 'Mahesa Rafka Alvian', 'Hesa', 'L', '12', NULL, NULL, '1'),
('199', '224', '230048', 'Muhammad Azlan Maulana Ibrahim', 'Azlan', 'L', '12', NULL, NULL, '1'),
('200', '225', '240011', 'Muhammad Hakim Iman Koesrahardian', 'Hakim', 'L', '12', NULL, NULL, '1'),
('201', '226', '240012', 'Muhammad Keanu Atharrazka Putra Viancha', 'Razka', 'L', '12', NULL, NULL, '1'),
('202', '227', '240048', 'Muhammad Luffy Ramadhan Al Malik', 'Luffy', 'L', '12', NULL, NULL, '1'),
('203', '228', '240052', 'Nadira Azkadina Ashsyarofi', 'Dera', 'P', '12', NULL, NULL, '1'),
('204', '229', '240054', 'Nayaka Damar Purwanto', 'Naka', 'L', '12', NULL, NULL, '1'),
('205', '230', '240034', 'Nayyara Noushafarin Hafizah Al Islam', 'Ara', 'P', '12', NULL, NULL, '1'),
('206', '231', '240017', 'Samira Olivia Mecca', 'Olivia', 'P', '12', NULL, NULL, '1'),
('207', '232', '240073', 'Shamala Nadda Azzahra', 'Mala', 'P', '12', NULL, NULL, '1'),
('208', '233', '240074', 'Zayyan Sakha Kajawan', 'Zayyan', 'L', '12', NULL, NULL, '1'),
('209', '234', '240256', 'Aisha Elmeera Qariru', 'Aisha', 'P', '13', NULL, NULL, '1'),
('210', '235', '230235', 'Aisha Sekar Arum Cordova', 'Icut', 'P', '13', NULL, NULL, '1'),
('211', '236', '230233', 'Aisyah', 'Aisyah', 'P', '13', NULL, NULL, '1'),
('212', '237', '240261', 'Aisyah Gistara Azkadina Kurniawan', 'Aisyah/Ais', 'P', '13', NULL, NULL, '1'),
('213', '238', '240263', 'Aliya Zea Azkadina', 'Aliya', 'P', '13', NULL, NULL, '1'),
('214', '239', '230242', 'Arsyanendra Satria Nirankara', 'Yaya', 'L', '13', NULL, NULL, '1'),
('215', '240', '240255', 'Ashilah Keiva Salama', 'Ashilah', 'P', '13', NULL, NULL, '1'),
('216', '241', '250278', 'Azqilla Laiba Sezen (Februari 2025)', 'Azqi', 'P', '13', NULL, NULL, '1'),
('217', '242', '220230', 'Bastna  Anahita Faranisa', 'Bastna', 'P', '13', NULL, NULL, '1'),
('218', '243', '240271', 'Daira Alma Talesha', 'Alma', 'P', '13', NULL, NULL, '1'),
('219', '244', '240268', 'Falisha Clemira Akhmad', 'Falisha', 'P', '13', NULL, NULL, '1'),
('220', '245', '240254', 'Farla Ghania Farvasha', 'Farla', 'P', '13', NULL, NULL, '1'),
('221', '246', '240272', 'Firantya Putri Hamizah', 'Ranty', 'P', '13', NULL, NULL, '1'),
('222', '247', '240269', 'Gavin Arzanka Akhmad', 'Gavin', 'L', '13', NULL, NULL, '1'),
('223', '248', '250277', 'Guinandra Abqary Refkytama (Februari 2025)', 'Guin', 'L', '13', NULL, NULL, '1'),
('224', '249', '240259', 'Hanindya Gayatri Maheswari', 'Nin', 'P', '13', NULL, NULL, '1'),
('225', '250', '230236', 'Hayyin Muhammad Yuzuru', 'Hayyin', 'L', '13', NULL, NULL, '1'),
('226', '251', '250279', 'Ibrahim Arshad Kafabih (Februari 2025)', 'Baim', 'L', '13', NULL, NULL, '1'),
('227', '252', '240266', 'Irsyad Albifardzan Ergiono (April)', 'Irsyad', 'L', '13', NULL, NULL, '1'),
('228', '253', '230241', 'Keenan Zhafran Athallah', 'Keenan', 'L', '13', NULL, NULL, '1'),
('229', '254', '220210', 'Muhammad Emran Rahman', 'Emran', 'L', '13', NULL, NULL, '1'),
('230', '255', '230249', 'Muhammad Luffy Ramadhan Al Malik', 'Luffy', 'L', '13', NULL, NULL, '1'),
('231', '256', '240275', 'Nadia Ersya Kalila', 'Nadia', 'P', '13', NULL, NULL, '1'),
('232', '257', '240276', 'Nafisha Azkiya Budi Satriana (Februari 2025)', 'Nafisha', 'P', '13', NULL, NULL, '1'),
('233', '258', '240253', 'Nayyara Magistricia Husniah El Cahyo', 'Ara', 'P', '13', NULL, NULL, '1'),
('234', '259', '230248', 'Praksaghani Mateen Ashkan Sasongko', 'Praksa', 'L', '13', NULL, NULL, '1'),
('235', '260', '240258', 'Raihana Izzati Yumna', 'Hana', 'P', '13', NULL, NULL, '1'),
('236', '261', '240264', 'Rakabumi Sabrang Damar Wijaya', 'Damar', 'L', '13', NULL, NULL, '1'),
('237', '262', '240257', 'Zayyan Sakha Kajawan', 'Zayyan', 'L', '13', NULL, NULL, '1'),
('238', '263', '250280', 'Fathian Malik Al Zhafran', 'Zafran', 'L', '13', NULL, NULL, '1'),
('239', '264', '250281', 'Sikha Hafidzah Khinurisa (Juli 2025)', 'Hafidzah', 'P', '13', NULL, NULL, '1'),
('240', '265', '250282', 'Alanna Gumaisha Alyoona (Juli 2025)', 'Alanna', 'P', '13', NULL, NULL, '1'),
('241', '266', '250284', 'Eunoia Zayyana Serein Yudha Permana (Juli 2025)', 'Serein', 'P', '13', NULL, NULL, '1'),
('242', '267', '250285', 'Husein Albarra Lutfi (Juli 2025)', 'Husein', 'L', '13', NULL, NULL, '1'),
('243', '268', '250287', 'Abubakr Syafiq Kasyafani (Juli 2025)', 'Abu', 'L', '13', NULL, NULL, '1'),
('244', '269', '250288', 'Garwita Shanum Mahiswari (Juli 2025)', 'Shanum', 'P', '13', NULL, NULL, '1'),
('245', '270', '250289', 'Naufal Alfarizqi Prasetyo (Juli 2025)', 'Naufal', 'L', '13', NULL, NULL, '1'),
('246', '271', '250293', 'Ahilla Sakhiyya Irfan (Juli 2025)', 'Ahilla', 'P', '13', NULL, NULL, '1'),
('247', '272', '250294', 'Annira Tasbiha Hayya Wijaya (Juli 2025)', 'Nira', 'P', '13', NULL, NULL, '1'),
('248', '273', '260295', 'Ceisya Elvina Azzahra Ikhsan', 'Ceisya', 'P', '13', NULL, NULL, '1'),
('249', '274', '260296', 'Almira Sakhiya Andriyansyah', 'Sakhiya', 'P', '13', NULL, NULL, '1'),
('250', '275', '250297', 'Arshaka Rayyan Alfarizqi', 'Sakha', 'L', '13', NULL, NULL, '1'),
('251', '277', 'n', 'vv', 'bb', 'L', '1', 'n', NULL, '1');

-- ============================================================
-- TABEL: tugas_hafalan
-- ============================================================
DROP TABLE IF EXISTS `tugas_hafalan`;
CREATE TABLE `tugas_hafalan` (
  `id` int unsigned NOT NULL AUTO_INCREMENT,
  `kelas_id` int unsigned NOT NULL COMMENT 'Kelas target tugas ini',
  `guru_id` int unsigned NOT NULL COMMENT 'Guru pembuat tugas',
  `nama_surat` varchar(100) COLLATE utf8mb4_unicode_ci NOT NULL COMMENT 'Nama surat Al-Quran yang dihafalkan',
  `ayat_dari` tinyint unsigned NOT NULL COMMENT 'Nomor ayat awal',
  `ayat_sampai` tinyint unsigned NOT NULL COMMENT 'Nomor ayat akhir',
  `audio_panduan` varchar(255) COLLATE utf8mb4_unicode_ci DEFAULT NULL COMMENT 'Path file audio contoh bacaan guru',
  `tanggal_tugas` date NOT NULL COMMENT 'Tanggal tugas berlaku',
  `deadline` datetime NOT NULL COMMENT 'Batas waktu pengumpulan (default: 23:59:00)',
  `status_publikasi` enum('draft','published') COLLATE utf8mb4_unicode_ci NOT NULL DEFAULT 'draft',
  `created_at` timestamp NOT NULL DEFAULT CURRENT_TIMESTAMP,
  PRIMARY KEY (`id`),
  KEY `idx_kelas_id` (`kelas_id`),
  KEY `idx_guru_id` (`guru_id`),
  KEY `idx_tanggal_tugas` (`tanggal_tugas`),
  CONSTRAINT `fk_tugas_guru` FOREIGN KEY (`guru_id`) REFERENCES `guru` (`id`) ON DELETE CASCADE,
  CONSTRAINT `fk_tugas_kelas` FOREIGN KEY (`kelas_id`) REFERENCES `kelas` (`id`) ON DELETE CASCADE
) ENGINE=InnoDB DEFAULT CHARSET=utf8mb4 COLLATE=utf8mb4_unicode_ci COMMENT='Target hafalan harian per kelas';

-- ============================================================
-- TABEL: setoran
-- ============================================================
DROP TABLE IF EXISTS `setoran`;
CREATE TABLE `setoran` (
  `id` int unsigned NOT NULL AUTO_INCREMENT,
  `tugas_id` int unsigned NOT NULL COMMENT 'Tugas yang sedang disetor',
  `siswa_id` int unsigned NOT NULL COMMENT 'Siswa yang melakukan setoran',
  `file_audio` varchar(255) COLLATE utf8mb4_unicode_ci NOT NULL COMMENT 'Path file audio hafalan siswa',
  `waktu_kirim` datetime NOT NULL COMMENT 'Timestamp saat audio berhasil diunggah',
  `status` enum('menunggu','diterima','perbaiki') COLLATE utf8mb4_unicode_ci NOT NULL DEFAULT 'menunggu',
  `catatan_guru` text COLLATE utf8mb4_unicode_ci COMMENT 'Catatan evaluasi dari guru',
  `waktu_koreksi` datetime DEFAULT NULL COMMENT 'Timestamp saat guru memberikan keputusan',
  `balasan_wali` text COLLATE utf8mb4_unicode_ci COMMENT 'Pesan balasan dari orang tua ke guru',
  `is_terlambat` tinyint(1) NOT NULL DEFAULT '0' COMMENT 'Flag 1 jika dikirim setelah deadline',
  PRIMARY KEY (`id`),
  KEY `idx_tugas_id` (`tugas_id`),
  KEY `idx_siswa_id` (`siswa_id`),
  KEY `idx_status` (`status`),
  KEY `idx_waktu_kirim` (`waktu_kirim`),
  CONSTRAINT `fk_setoran_siswa` FOREIGN KEY (`siswa_id`) REFERENCES `siswa` (`id`) ON DELETE CASCADE,
  CONSTRAINT `fk_setoran_tugas` FOREIGN KEY (`tugas_id`) REFERENCES `tugas_hafalan` (`id`) ON DELETE CASCADE
) ENGINE=InnoDB DEFAULT CHARSET=utf8mb4 COLLATE=utf8mb4_unicode_ci COMMENT='Setoran audio hafalan siswa (tabel inti transaksi)';

-- ============================================================
-- TABEL: perpanjangan_waktu
-- ============================================================
DROP TABLE IF EXISTS `perpanjangan_waktu`;
CREATE TABLE `perpanjangan_waktu` (
  `id` int unsigned NOT NULL AUTO_INCREMENT,
  `tugas_id` int unsigned NOT NULL COMMENT 'Tugas yang deadline-nya diperpanjang',
  `siswa_id` int unsigned NOT NULL COMMENT 'Siswa yang mendapat perpanjangan',
  `guru_id` int unsigned NOT NULL COMMENT 'Guru yang memberikan perpanjangan',
  `deadline_baru` datetime NOT NULL COMMENT 'Batas waktu baru yang diberikan',
  `alasan` text COLLATE utf8mb4_unicode_ci COMMENT 'Catatan alasan perpanjangan',
  `created_at` timestamp NOT NULL DEFAULT CURRENT_TIMESTAMP,
  PRIMARY KEY (`id`),
  KEY `idx_tugas_id` (`tugas_id`),
  KEY `idx_siswa_id` (`siswa_id`),
  KEY `fk_perpanjangan_guru` (`guru_id`),
  CONSTRAINT `fk_perpanjangan_guru` FOREIGN KEY (`guru_id`) REFERENCES `guru` (`id`) ON DELETE CASCADE,
  CONSTRAINT `fk_perpanjangan_siswa` FOREIGN KEY (`siswa_id`) REFERENCES `siswa` (`id`) ON DELETE CASCADE,
  CONSTRAINT `fk_perpanjangan_tugas` FOREIGN KEY (`tugas_id`) REFERENCES `tugas_hafalan` (`id`) ON DELETE CASCADE
) ENGINE=InnoDB DEFAULT CHARSET=utf8mb4 COLLATE=utf8mb4_unicode_ci COMMENT='Log perpanjangan deadline setoran siswa';

-- ============================================================
-- TABEL: pengumuman
-- ============================================================
DROP TABLE IF EXISTS `pengumuman`;
CREATE TABLE `pengumuman` (
  `id` int unsigned NOT NULL AUTO_INCREMENT,
  `judul` varchar(200) COLLATE utf8mb4_unicode_ci NOT NULL,
  `isi` text COLLATE utf8mb4_unicode_ci NOT NULL,
  `pengirim_id` int unsigned NOT NULL COMMENT 'Admin yang mengirim',
  `target_kelas` json NOT NULL COMMENT 'Array ID kelas penerima, misal: [1,2,3] atau "all"',
  `created_at` timestamp NOT NULL DEFAULT CURRENT_TIMESTAMP,
  PRIMARY KEY (`id`),
  KEY `idx_pengirim_id` (`pengirim_id`),
  CONSTRAINT `fk_pengumuman_pengirim` FOREIGN KEY (`pengirim_id`) REFERENCES `users` (`id`) ON DELETE CASCADE
) ENGINE=InnoDB DEFAULT CHARSET=utf8mb4 COLLATE=utf8mb4_unicode_ci COMMENT='Pengumuman global dari Admin';

-- ============================================================
-- TABEL: notifikasi
-- ============================================================
DROP TABLE IF EXISTS `notifikasi`;
CREATE TABLE `notifikasi` (
  `id` int unsigned NOT NULL AUTO_INCREMENT,
  `user_id` int unsigned NOT NULL COMMENT 'Penerima notifikasi',
  `judul` varchar(100) COLLATE utf8mb4_unicode_ci NOT NULL,
  `pesan` text COLLATE utf8mb4_unicode_ci NOT NULL,
  `is_read` tinyint(1) NOT NULL DEFAULT '0' COMMENT 'Status sudah dibaca',
  `created_at` timestamp NOT NULL DEFAULT CURRENT_TIMESTAMP,
  PRIMARY KEY (`id`),
  KEY `idx_user_id` (`user_id`),
  KEY `idx_is_read` (`is_read`),
  CONSTRAINT `fk_notifikasi_user` FOREIGN KEY (`user_id`) REFERENCES `users` (`id`) ON DELETE CASCADE
) ENGINE=InnoDB DEFAULT CHARSET=utf8mb4 COLLATE=utf8mb4_unicode_ci COMMENT='Notifikasi real-time untuk pengguna';

-- ============================================================
-- TABEL: koreksi_detail
-- ============================================================
DROP TABLE IF EXISTS `koreksi_detail`;
CREATE TABLE `koreksi_detail` (
  `id` int unsigned NOT NULL AUTO_INCREMENT,
  `setoran_id` int unsigned NOT NULL,
  `kriteria` varchar(100) COLLATE utf8mb4_unicode_ci NOT NULL COMMENT 'Nama kriteria: Kelancaran, Tajwid, Makhraj',
  `nilai` tinyint unsigned NOT NULL COMMENT 'Nilai 0-100',
  `catatan` varchar(255) COLLATE utf8mb4_unicode_ci DEFAULT NULL,
  PRIMARY KEY (`id`),
  KEY `idx_setoran_id` (`setoran_id`),
  CONSTRAINT `fk_koreksi_setoran` FOREIGN KEY (`setoran_id`) REFERENCES `setoran` (`id`) ON DELETE CASCADE
) ENGINE=InnoDB DEFAULT CHARSET=utf8mb4 COLLATE=utf8mb4_unicode_ci COMMENT='Detail kriteria penilaian koreksi';

SET FOREIGN_KEY_CHECKS = 1;
